timestamp,run_id,config_bits,L1_heat_tracking,L2_rolling_window,L3_linear_decay,L4_pipelining_metrics,L5_window_inference,L6_decay_inference,L7_adaptive_heartrate,replicate,L1_heat,L2_window,L3_decay,L4_pipeline,L5_win_inf,L6_decay_inf,L7_heartrate,total_lookups,cache_hits,cache_hit_pct,bucket_hits,bucket_hit_pct,cache_lat_ns,cache_lat_std,bucket_lat_ns,bucket_lat_std,ctx_pred_total,ctx_correct,ctx_acc_pct,cache_promos,cache_demos,win_diversity_pct,win_final_bytes,win_width,win_total_exec,win_var_q48,decay_slope,total_heat,hot_words,stale_words,stale_ratio,avg_heat,tick_count,tick_target_ns,infer_runs,early_exits,prefetch_acc_pct,prefetch_attempts,prefetch_hits,win_tune_checks,final_win_size,workload_ns_q48,runtime_ms,words_exec,dict_lookups,mem_bytes,speedup,ci_lower,ci_upper,cpu_temp_delta,cpu_freq_delta,decay_rate_q16,decay_min_ns,rolling_win_size,shrink_rate,demotion_thresh,hotwords_enabled,pipelining_enabled
2025-11-22 23:40:16,205,0000011,0,0,0,0,0,1,1,25,0,0,0,0,0,1,1,3991,0,0.00,3272,81.98,0,0,52,4763,0,0,0.00,0,0,0.00,4096,4096,0,0,0.333328,0,0,0,0.000000,0.000000,0,1000000,0,0,0.00,0,0,0,4096,409802964992,0,4501,4395,0,1.0000,0.000000,0.000000,0,-65536,1,1000,4096,75,10,1,1
2025-11-22 23:40:23,16,0010111,0,0,1,0,1,1,1,16,0,0,1,0,1,1,1,3991,0,0.00,3272,81.98,0,0,40,2151,0,0,0.00,0,0,0.00,4096,4096,0,0,0.333328,0,0,0,0.000000,0.000000,0,1000000,0,0,0.00,0,0,0,4096,133471207424,0,4501,4395,0,1.0000,0.000000,0.000000,0,17235968,1,1000,4096,75,10,1,1
2025-11-22 23:40:30,237,0000000,0,0,0,0,0,0,0,27,0,0,0,0,0,0,0,3991,0,0.00,3272,81.98,0,0,39,2018,0,0,0.00,0,0,0.00,4096,4096,0,0,0.333328,0,0,0,0.000000,0.000000,0,1000000,0,0,0.00,0,0,0,4096,131360882688,0,4501,4395,0,1.0000,0.000000,0.000000,0,12517376,1,1000,4096,75,10,1,1
2025-11-22 23:40:37,19,0010111,0,0,1,0,1,1,1,19,0,0,1,0,1,1,1,3991,0,0.00,3272,81.98,0,0,46,9086,0,0,0.00,0,0,0.00,4096,4096,0,0,0.333328,0,0,0,0.000000,0.000000,0,1000000,0,0,0.00,0,0,0,4096,146013356032,0,4501,4395,0,1.0000,0.000000,0.000000,0,-57147392,1,1000,4096,75,10,1,1
2025-11-22 23:40:44,131,0100101,0,1,0,0,1,0,1,11,0,1,0,0,1,0,1,3991,0,0.00,3272,81.98,0,0,39,1993,0,0,0.00,0,0,0.00,4096,4096,1630,0,0.333328,0,0,0,0.000000,0.000000,0,1000000,0,0,0.00,0,0,0,4096,127908511744,0,4501,4395,0,1.0000,0.000000,0.000000,0,1900544,1,1000,4096,75,10,1,1
2025-11-22 23:40:50,89,0010010,0,0,1,0,0,1,0,29,0,0,1,0,0,1,0,3991,0,0.00,3272,81.98,0,0,39,2059,0,0,0.00,0,0,0.00,4096,4096,0,0,0.333328,0,0,0,0.000000,0.000000,0,1000000,0,0,0.00,0,0,0,4096,130604007424,0,4501,4395,0,1.0000,0.000000,0.000000,0,3932160,1,1000,4096,75,10,1,1
2025-11-22 23:40:58,71,0010010,0,0,1,0,0,1,0,11,0,0,1,0,0,1,0,3991,0,0.00,3272,81.98,0,0,47,3048,0,0,0.00,0,0,0.00,4096,4096,0,0,0.333328,0,0,0,0.000000,0.000000,0,1000000,0,0,0.00,0,0,0,4096,157478289408,0,4501,4395,0,1.0000,0.000000,0.000000,0,-65470464,1,1000,4096,75,10,1,1
2025-11-22 23:41:05,193,0000011,0,0,0,0,0,1,1,13,0,0,0,0,0,1,1,3991,0,0.00,3272,81.98,0,0,40,2119,0,0,0.00,0,0,0.00,4096,4096,0,0,0.333328,0,0,0,0.000000,0.000000,0,1000000,0,0,0.00,0,0,0,4096,133404884992,0,4501,4395,0,1.0000,0.000000,0.000000,0,-524288,1,1000,4096,75,10,1,1
2025-11-22 23:41:12,18,0010111,0,0,1,0,1,1,1,18,0,0,1,0,1,1,1,3991,0,0.00,3272,81.98,0,0,41,2234,0,0,0.00,0,0,0.00,4096,4096,0,0,0.333328,0,0,0,0.000000,0.000000,0,1000000,0,0,0.00,0,0,0,4096,134236667904,0,4501,4395,0,1.0000,0.000000,0.000000,0,-524288,1,1000,4096,75,10,1,1
2025-11-22 23:41:18,51,0100100,0,1,0,0,1,0,0,21,0,1,0,0,1,0,0,3991,0,0.00,3272,81.98,0,0,39,2057,0,0,0.00,0,0,0.00,4096,4096,1630,0,0.333328,0,0,0,0.000000,0.000000,0,1000000,0,0,0.00,0,0,0,4096,131945201664,0,4501,4395,0,1.0000,0.000000,0.000000,0,4194304,1,1000,4096,75,10,1,1
2025-11-22 23:41:25,57,0100100,0,1,0,0,1,0,0,27,0,1,0,0,1,0,0,3991,0,0.00,3272,81.98,0,0,38,2022,0,0,0.00,0,0,0.00,4096,4096,1630,0,0.333328,0,0,0,0.000000,0.000000,0,1000000,0,0,0.00,0,0,0,4096,124356984832,0,4501,4395,0,1.0000,0.000000,0.000000,0,720896,1,1000,4096,75,10,1,1
2025-11-22 23:41:32,221,0000000,0,0,0,0,0,0,0,11,0,0,0,0,0,0,0,3991,0,0.00,3272,81.98,0,0,57,4161,0,0,0.00,0,0,0.00,4096,4096,0,0,0.333328,0,0,0,0.000000,0.000000,0,1000000,0,0,0.00,0,0,0,4096,192723288064,0,4501,4395,0,1.0000,0.000000,0.000000,0,-37552128,1,1000,4096,75,10,1,1
2025-11-22 23:41:38,99,0110111,0,1,1,0,1,1,1,9,0,1,1,0,1,1,1,3991,0,0.00,3272,81.98,0,0,44,2719,0,0,0.00,0,0,0.00,4096,4096,1630,0,0.333328,0,0,0,0.000000,0.000000,0,1000000,0,0,0.00,0,0,0,4096,145200250880,0,4501,4395,0,1.0000,0.000000,0.000000,0,-23068672,1,1000,4096,75,10,1,1
2025-11-22 23:41:45,166,1000101,1,0,0,0,1,0,1,16,1,0,0,0,1,0,1,3991,1327,33.25,1945,48.73,30,990,54,5422,0,0,0.00,12,0,0.00,4096,4096,0,0,0.333328,812,5,22,0.074576,2.752542,0,1000000,0,0,0.00,0,0,0,4096,134282543104,0,4501,4395,0,1.0000,0.000000,0.000000,0,-1310720,1,1000,4096,75,10,1,1
2025-11-22 23:41:52,176,1000101,1,0,0,0,1,0,1,26,1,0,0,0,1,0,1,3991,1327,33.25,1945,48.73,41,1932,71,6790,0,0,0.00,12,0,0.00,4096,4096,0,0,0.333328,812,5,22,0.074576,2.752542,0,1000000,0,0,0.00,0,0,0,4096,181233647616,0,4501,4395,0,1.0000,0.000000,0.000000,0,-21692416,1,1000,4096,75,10,1,1
2025-11-22 23:41:58,167,1000101,1,0,0,0,1,0,1,17,1,0,0,0,1,0,1,3991,1327,33.25,1945,48.73,29,1177,50,3427,0,0,0.00,12,0,0.00,4096,4096,0,0,0.333328,812,5,22,0.074576,2.752542,0,1000000,0,0,0.00,0,0,0,4096,136046968832,0,4501,4395,0,1.0000,0.000000,0.000000,0,-786432,1,1000,4096,75,10,1,1
2025-11-22 23:42:05,208,0000011,0,0,0,0,0,1,1,28,0,0,0,0,0,1,1,3991,0,0.00,3272,81.98,0,0,42,2448,0,0,0.00,0,0,0.00,4096,4096,0,0,0.333328,0,0,0,0.000000,0.000000,0,1000000,0,0,0.00,0,0,0,4096,138478354432,0,4501,4395,0,1.0000,0.000000,0.000000,0,-21102592,1,1000,4096,75,10,1,1
2025-11-22 23:42:12,62,0010010,0,0,1,0,0,1,0,2,0,0,1,0,0,1,0,3991,0,0.00,3272,81.98,0,0,50,3333,0,0,0.00,0,0,0.00,4096,4096,0,0,0.333328,0,0,0,0.000000,0.000000,0,1000000,0,0,0.00,0,0,0,4096,161910554624,0,4501,4395,0,1.0000,0.000000,0.000000,0,-1507328,1,1000,4096,75,10,1,1
2025-11-22 23:42:18,202,0000011,0,0,0,0,0,1,1,22,0,0,0,0,0,1,1,3991,0,0.00,3272,81.98,0,0,41,2232,0,0,0.00,0,0,0.00,4096,4096,0,0,0.333328,0,0,0,0.000000,0.000000,0,1000000,0,0,0.00,0,0,0,4096,136324448256,0,4501,4395,0,1.0000,0.000000,0.000000,0,-26738688,1,1000,4096,75,10,1,1
2025-11-22 23:42:25,142,0100101,0,1,0,0,1,0,1,22,0,1,0,0,1,0,1,3991,0,0.00,3272,81.98,0,0,41,2332,0,0,0.00,0,0,0.00,4096,4096,1630,0,0.333328,0,0,0,0.000000,0.000000,0,1000000,0,0,0.00,0,0,0,4096,137760473088,0,4501,4395,0,1.0000,0.000000,0.000000,0,3801088,1,1000,4096,75,10,1,1
2025-11-22 23:42:31,206,0000011,0,0,0,0,0,1,1,26,0,0,0,0,0,1,1,3991,0,0.00,3272,81.98,0,0,40,2043,0,0,0.00,0,0,0.00,4096,4096,0,0,0.333328,0,0,0,0.000000,0.000000,0,1000000,0,0,0.00,0,0,0,4096,133989924864,0,4501,4395,0,1.0000,0.000000,0.000000,0,-65536,1,1000,4096,75,10,1,1
2025-11-22 23:42:38,32,0100100,0,1,0,0,1,0,0,2,0,1,0,0,1,0,0,3991,0,0.00,3272,81.98,0,0,46,2767,0,0,0.00,0,0,0.00,4096,4096,1630,0,0.333328,0,0,0,0.000000,0.000000,0,1000000,0,0,0.00,0,0,0,4096,155036221440,0,4501,4395,0,1.0000,0.000000,0.000000,0,-35586048,1,1000,4096,75,10,1,1
2025-11-22 23:42:45,34,0100100,0,1,0,0,1,0,0,4,0,1,0,0,1,0,0,3991,0,0.00,3272,81.98,0,0,51,145396,0,0,0.00,0,0,0.00,4096,4096,1630,0,0.333328,0,0,0,0.000000,0.000000,0,1000000,0,0,0.00,0,0,0,4096,146853199872,0,4501,4395,0,1.0000,0.000000,0.000000,0,-14745600,1,1000,4096,75,10,1,1
2025-11-22 23:42:51,185,0000011,0,0,0,0,0,1,1,5,0,0,0,0,0,1,1,3991,0,0.00,3272,81.98,0,0,39,2013,0,0,0.00,0,0,0.00,4096,4096,0,0,0.333328,0,0,0,0.000000,0.000000,0,1000000,0,0,0.00,0,0,0,4096,123723644928,0,4501,4395,0,1.0000,0.000000,0.000000,0,131072,1,1000,4096,75,10,1,1
2025-11-22 23:42:58,135,0100101,0,1,0,0,1,0,1,15,0,1,0,0,1,0,1,3991,0,0.00,3272,81.98,0,0,40,2127,0,0,0.00,0,0,0.00,4096,4096,1630,0,0.333328,0,0,0,0.000000,0.000000,0,1000000,0,0,0.00,0,0,0,4096,131000762368,0,4501,4395,0,1.0000,0.000000,0.000000,0,524288,1,1000,4096,75,10,1,1
2025-11-22 23:43:05,22,0010111,0,0,1,0,1,1,1,22,0,0,1,0,1,1,1,3991,0,0.00,3272,81.98,0,0,41,2198,0,0,0.00,0,0,0.00,4096,4096,0,0,0.333328,0,0,0,0.000000,0.000000,0,1000000,0,0,0.00,0,0,0,4096,130398224384,0,4501,4395,0,1.0000,0.000000,0.000000,0,-65536,1,1000,4096,75,10,1,1
2025-11-22 23:43:11,240,0000000,0,0,0,0,0,0,0,30,0,0,0,0,0,0,0,3991,0,0.00,3272,81.98,0,0,39,1966,0,0,0.00,0,0,0.00,4096,4096,0,0,0.333328,0,0,0,0.000000,0.000000,0,1000000,0,0,0.00,0,0,0,4096,130709323776,0,4501,4395,0,1.0000,0.000000,0.000000,0,-10944512,1,1000,4096,75,10,1,1
2025-11-22 23:43:18,191,0000011,0,0,0,0,0,1,1,11,0,0,0,0,0,1,1,3991,0,0.00,3272,81.98,0,0,39,2074,0,0,0.00,0,0,0.00,4096,4096,0,0,0.333328,0,0,0,0.000000,0.000000,0,1000000,0,0,0.00,0,0,0,4096,127407685632,0,4501,4395,0,1.0000,0.000000,0.000000,0,-589824,1,1000,4096,75,10,1,1
2025-11-22 23:43:24,124,0100101,0,1,0,0,1,0,1,4,0,1,0,0,1,0,1,3991,0,0.00,3272,81.98,0,0,42,2409,0,0,0.00,0,0,0.00,4096,4096,1630,0,0.333328,0,0,0,0.000000,0.000000,0,1000000,0,0,0.00,0,0,0,4096,139393957888,0,4501,4395,0,1.0000,0.000000,0.000000,0,-9502720,1,1000,4096,75,10,1,1
2025-11-22 23:43:31,69,0010010,0,0,1,0,0,1,0,9,0,0,1,0,0,1,0,3991,0,0.00,3272,81.98,0,0,44,2568,0,0,0.00,0,0,0.00,4096,4096,0,0,0.333328,0,0,0,0.000000,0.000000,0,1000000,0,0,0.00,0,0,0,4096,147156697088,0,4501,4395,0,1.0000,0.000000,0.000000,0,35389440,1,1000,4096,75,10,1,1
2025-11-22 23:43:38,41,0100100,0,1,0,0,1,0,0,11,0,1,0,0,1,0,0,3991,0,0.00,3272,81.98,0,0,37,1800,0,0,0.00,0,0,0.00,4096,4096,1630,0,0.333328,0,0,0,0.000000,0.000000,0,1000000,0,0,0.00,0,0,0,4096,124949168128,0,4501,4395,0,1.0000,0.000000,0.000000,0,-19464192,1,1000,4096,75,10,1,1
2025-11-22 23:43:44,170,1000101,1,0,0,0,1,0,1,20,1,0,0,0,1,0,1,3991,1327,33.25,1945,48.73,29,982,89,2471116,0,0,0.00,12,0,0.00,4096,4096,0,0,0.333328,812,5,22,0.074576,2.752542,0,1000000,0,0,0.00,0,0,0,4096,137861464064,0,4501,4395,0,1.0000,0.000000,0.000000,0,327680,1,1000,4096,75,10,1,1
2025-11-22 23:43:51,8,0010111,0,0,1,0,1,1,1,8,0,0,1,0,1,1,1,3991,0,0.00,3272,81.98,0,0,41,2184,0,0,0.00,0,0,0.00,4096,4096,0,0,0.333328,0,0,0,0.000000,0.000000,0,1000000,0,0,0.00,0,0,0,4096,131845718016,0,4501,4395,0,1.0000,0.000000,0.000000,0,0,1,1000,4096,75,10,1,1
2025-11-22 23:43:58,61,0010010,0,0,1,0,0,1,0,1,0,0,1,0,0,1,0,3991,0,0.00,3272,81.98,0,0,42,2445,0,0,0.00,0,0,0.00,4096,4096,0,0,0.333328,0,0,0,0.000000,0.000000,0,1000000,0,0,0.00,0,0,0,4096,144328097792,0,4501,4395,0,1.0000,0.000000,0.000000,0,-44826624,1,1000,4096,75,10,1,1
2025-11-22 23:44:04,33,0100100,0,1,0,0,1,0,0,3,0,1,0,0,1,0,0,3991,0,0.00,3272,81.98,0,0,58,4479,0,0,0.00,0,0,0.00,4096,4096,1630,0,0.333328,0,0,0,0.000000,0.000000,0,1000000,0,0,0.00,0,0,0,4096,189296934912,0,4501,4395,0,1.0000,0.000000,0.000000,0,-36110336,1,1000,4096,75,10,1,1
2025-11-22 23:44:11,75,0010010,0,0,1,0,0,1,0,15,0,0,1,0,0,1,0,3991,0,0.00,3272,81.98,0,0,40,2133,0,0,0.00,0,0,0.00,4096,4096,0,0,0.333328,0,0,0,0.000000,0.000000,0,1000000,0,0,0.00,0,0,0,4096,132630118400,0,4501,4395,0,1.0000,0.000000,0.000000,0,21102592,1,1000,4096,75,10,1,1
2025-11-22 23:44:17,78,0010010,0,0,1,0,0,1,0,18,0,0,1,0,0,1,0,3991,0,0.00,3272,81.98,0,0,42,2366,0,0,0.00,0,0,0.00,4096,4096,0,0,0.333328,0,0,0,0.000000,0.000000,0,1000000,0,0,0.00,0,0,0,4096,138269425664,0,4501,4395,0,1.0000,0.000000,0.000000,0,-12779520,1,1000,4096,75,10,1,1
2025-11-22 23:44:24,7,0010111,0,0,1,0,1,1,1,7,0,0,1,0,1,1,1,3991,0,0.00,3272,81.98,0,0,42,2531,0,0,0.00,0,0,0.00,4096,4096,0,0,0.333328,0,0,0,0.000000,0.000000,0,1000000,0,0,0.00,0,0,0,4096,138558963712,0,4501,4395,0,1.0000,0.000000,0.000000,0,-47054848,1,1000,4096,75,10,1,1
2025-11-22 23:44:30,179,1000101,1,0,0,0,1,0,1,29,1,0,0,0,1,0,1,3991,1327,33.25,1945,48.73,30,1003,54,9779,0,0,0.00,12,0,0.00,4096,4096,0,0,0.333328,812,5,22,0.074576,2.752542,0,1000000,0,0,0.00,0,0,0,4096,135816806400,0,4501,4395,0,1.0000,0.000000,0.000000,0,-327680,1,1000,4096,75,10,1,1
2025-11-22 23:44:37,111,0110111,0,1,1,0,1,1,1,21,0,1,1,0,1,1,1,3991,0,0.00,3272,81.98,0,0,41,2285,0,0,0.00,0,0,0.00,4096,4096,1630,0,0.333328,0,0,0,0.000000,0.000000,0,1000000,0,0,0.00,0,0,0,4096,132946001920,0,4501,4395,0,1.0000,0.000000,0.000000,0,-196608,1,1000,4096,75,10,1,1
2025-11-22 23:44:44,144,0100101,0,1,0,0,1,0,1,24,0,1,0,0,1,0,1,3991,0,0.00,3272,81.98,0,0,40,2148,0,0,0.00,0,0,0.00,4096,4096,1630,0,0.333328,0,0,0,0.000000,0.000000,0,1000000,0,0,0.00,0,0,0,4096,133004722176,0,4501,4395,0,1.0000,0.000000,0.000000,0,-524288,1,1000,4096,75,10,1,1
2025-11-22 23:44:51,95,0110111,0,1,1,0,1,1,1,5,0,1,1,0,1,1,1,3991,0,0.00,3272,81.98,0,0,42,2329,0,0,0.00,0,0,0.00,4096,4096,1630,0,0.333328,0,0,0,0.000000,0.000000,0,1000000,0,0,0.00,0,0,0,4096,131789684736,0,4501,4395,0,1.0000,0.000000,0.000000,0,5963776,1,1000,4096,75,10,1,1
2025-11-22 23:44:57,121,0100101,0,1,0,0,1,0,1,1,0,1,0,0,1,0,1,3991,0,0.00,3272,81.98,0,0,38,1950,0,0,0.00,0,0,0.00,4096,4096,1630,0,0.333328,0,0,0,0.000000,0.000000,0,1000000,0,0,0.00,0,0,0,4096,124098248704,0,4501,4395,0,1.0000,0.000000,0.000000,0,6553600,1,1000,4096,75,10,1,1
2025-11-22 23:45:04,156,1000101,1,0,0,0,1,0,1,6,1,0,0,0,1,0,1,3991,1327,33.25,1945,48.73,33,1257,56,4330,0,0,0.00,12,0,0.00,4096,4096,0,0,0.333328,812,5,22,0.074576,2.752542,0,1000000,0,0,0.00,0,0,0,4096,143836381184,0,4501,4395,0,1.0000,0.000000,0.000000,0,-12910592,1,1000,4096,75,10,1,1
2025-11-22 23:45:10,194,0000011,0,0,0,0,0,1,1,14,0,0,0,0,0,1,1,3991,0,0.00,3272,81.98,0,0,49,3260,0,0,0.00,0,0,0.00,4096,4096,0,0,0.333328,0,0,0,0.000000,0.000000,0,1000000,0,0,0.00,0,0,0,4096,158697062400,0,4501,4395,0,1.0000,0.000000,0.000000,0,5373952,1,1000,4096,75,10,1,1
2025-11-22 23:45:17,108,0110111,0,1,1,0,1,1,1,18,0,1,1,0,1,1,1,3991,0,0.00,3272,81.98,0,0,42,10574,0,0,0.00,0,0,0.00,4096,4096,1630,0,0.333328,0,0,0,0.000000,0.000000,0,1000000,0,0,0.00,0,0,0,4096,130638544896,0,4501,4395,0,1.0000,0.000000,0.000000,0,-1703936,1,1000,4096,75,10,1,1
2025-11-22 23:45:24,180,1000101,1,0,0,0,1,0,1,30,1,0,0,0,1,0,1,3991,1327,33.25,1945,48.73,44,2209,76,24035,0,0,0.00,12,0,0.00,4096,4096,0,0,0.333328,812,5,22,0.074576,2.752542,0,1000000,0,0,0.00,0,0,0,4096,195484647424,0,4501,4395,0,1.0000,0.000000,0.000000,0,-34078720,1,1000,4096,75,10,1,1
2025-11-22 23:45:30,184,0000011,0,0,0,0,0,1,1,4,0,0,0,0,0,1,1,3991,0,0.00,3272,81.98,0,0,36,1729,0,0,0.00,0,0,0.00,4096,4096,0,0,0.333328,0,0,0,0.000000,0.000000,0,1000000,0,0,0.00,0,0,0,4096,115808665600,0,4501,4395,0,1.0000,0.000000,0.000000,0,0,1,1000,4096,75,10,1,1
2025-11-22 23:45:37,157,1000101,1,0,0,0,1,0,1,7,1,0,0,0,1,0,1,3991,1327,33.25,1945,48.73,32,1129,55,4873,0,0,0.00,12,0,0.00,4096,4096,0,0,0.333328,812,5,22,0.074576,2.752542,0,1000000,0,0,0.00,0,0,0,4096,144312303616,0,4501,4395,0,1.0000,0.000000,0.000000,0,2162688,1,1000,4096,75,10,1,1
2025-11-22 23:45:44,10,0010111,0,0,1,0,1,1,1,10,0,0,1,0,1,1,1,3991,0,0.00,3272,81.98,0,0,48,3183,0,0,0.00,0,0,0.00,4096,4096,0,0,0.333328,0,0,0,0.000000,0.000000,0,1000000,0,0,0.00,0,0,0,4096,155117092864,0,4501,4395,0,1.0000,0.000000,0.000000,0,-16384000,1,1000,4096,75,10,1,1
2025-11-22 23:45:50,187,0000011,0,0,0,0,0,1,1,7,0,0,0,0,0,1,1,3991,0,0.00,3272,81.98,0,0,40,2268,0,0,0.00,0,0,0.00,4096,4096,0,0,0.333328,0,0,0,0.000000,0.000000,0,1000000,0,0,0.00,0,0,0,4096,131751870464,0,4501,4395,0,1.0000,0.000000,0.000000,0,11403264,1,1000,4096,75,10,1,1
2025-11-22 23:45:57,197,0000011,0,0,0,0,0,1,1,17,0,0,0,0,0,1,1,3991,0,0.00,3272,81.98,0,0,53,3710,0,0,0.00,0,0,0.00,4096,4096,0,0,0.333328,0,0,0,0.000000,0.000000,0,1000000,0,0,0.00,0,0,0,4096,175804448768,0,4501,4395,0,1.0000,0.000000,0.000000,0,-40763392,1,1000,4096,75,10,1,1
2025-11-22 23:46:03,13,0010111,0,0,1,0,1,1,1,13,0,0,1,0,1,1,1,3991,0,0.00,3272,81.98,0,0,39,2244,0,0,0.00,0,0,0.00,4096,4096,0,0,0.333328,0,0,0,0.000000,0.000000,0,1000000,0,0,0.00,0,0,0,4096,125197942784,0,4501,4395,0,1.0000,0.000000,0.000000,0,524288,1,1000,4096,75,10,1,1
2025-11-22 23:46:10,151,1000101,1,0,0,0,1,0,1,1,1,0,0,0,1,0,1,3991,1327,33.25,1945,48.73,40,1772,73,7118,0,0,0.00,12,0,0.00,4096,4096,0,0,0.333328,812,5,22,0.074576,2.752542,0,1000000,0,0,0.00,0,0,0,4096,186098515968,0,4501,4395,0,1.0000,0.000000,0.000000,0,-24838144,1,1000,4096,75,10,1,1
2025-11-22 23:46:17,127,0100101,0,1,0,0,1,0,1,7,0,1,0,0,1,0,1,3991,0,0.00,3272,81.98,0,0,39,1990,0,0,0.00,0,0,0.00,4096,4096,1630,0,0.333328,0,0,0,0.000000,0.000000,0,1000000,0,0,0.00,0,0,0,4096,130697723904,0,4501,4395,0,1.0000,0.000000,0.000000,0,-12386304,1,1000,4096,75,10,1,1
2025-11-22 23:46:23,100,0110111,0,1,1,0,1,1,1,10,0,1,1,0,1,1,1,3991,0,0.00,3272,81.98,0,0,39,2014,0,0,0.00,0,0,0.00,4096,4096,1630,0,0.333328,0,0,0,0.000000,0.000000,0,1000000,0,0,0.00,0,0,0,4096,130917269504,0,4501,4395,0,1.0000,0.000000,0.000000,0,1048576,1,1000,4096,75,10,1,1
2025-11-22 23:46:30,201,0000011,0,0,0,0,0,1,1,21,0,0,0,0,0,1,1,3991,0,0.00,3272,81.98,0,0,41,2184,0,0,0.00,0,0,0.00,4096,4096,0,0,0.333328,0,0,0,0.000000,0.000000,0,1000000,0,0,0.00,0,0,0,4096,136264417280,0,4501,4395,0,1.0000,0.000000,0.000000,0,-11993088,1,1000,4096,75,10,1,1
2025-11-22 23:46:37,43,0100100,0,1,0,0,1,0,0,13,0,1,0,0,1,0,0,3991,0,0.00,3272,81.98,0,0,37,1868,0,0,0.00,0,0,0.00,4096,4096,1630,0,0.333328,0,0,0,0.000000,0.000000,0,1000000,0,0,0.00,0,0,0,4096,123436466176,0,4501,4395,0,1.0000,0.000000,0.000000,0,-3735552,1,1000,4096,75,10,1,1
2025-11-22 23:46:43,35,0100100,0,1,0,0,1,0,0,5,0,1,0,0,1,0,0,3991,0,0.00,3272,81.98,0,0,53,3585,0,0,0.00,0,0,0.00,4096,4096,1630,0,0.333328,0,0,0,0.000000,0.000000,0,1000000,0,0,0.00,0,0,0,4096,175610003456,0,4501,4395,0,1.0000,0.000000,0.000000,0,-32636928,1,1000,4096,75,10,1,1
2025-11-22 23:46:50,211,0000000,0,0,0,0,0,0,0,1,0,0,0,0,0,0,0,3991,0,0.00,3272,81.98,0,0,39,1946,0,0,0.00,0,0,0.00,4096,4096,0,0,0.333328,0,0,0,0.000000,0.000000,0,1000000,0,0,0.00,0,0,0,4096,130140798976,0,4501,4395,0,1.0000,0.000000,0.000000,0,-1507328,1,1000,4096,75,10,1,1
2025-11-22 23:46:56,122,0100101,0,1,0,0,1,0,1,2,0,1,0,0,1,0,1,3991,0,0.00,3272,81.98,0,0,43,4474,0,0,0.00,0,0,0.00,4096,4096,1630,0,0.333328,0,0,0,0.000000,0.000000,0,1000000,0,0,0.00,0,0,0,4096,139941838848,0,4501,4395,0,1.0000,0.000000,0.000000,0,28770304,1,1000,4096,75,10,1,1
2025-11-22 23:47:03,80,0010010,0,0,1,0,0,1,0,20,0,0,1,0,0,1,0,3991,0,0.00,3272,81.98,0,0,39,2075,0,0,0.00,0,0,0.00,4096,4096,0,0,0.333328,0,0,0,0.000000,0.000000,0,1000000,0,0,0.00,0,0,0,4096,129662582784,0,4501,4395,0,1.0000,0.000000,0.000000,0,2621440,1,1000,4096,75,10,1,1
2025-11-22 23:47:10,137,0100101,0,1,0,0,1,0,1,17,0,1,0,0,1,0,1,3991,0,0.00,3272,81.98,0,0,42,2232,0,0,0.00,0,0,0.00,4096,4096,1630,0,0.333328,0,0,0,0.000000,0.000000,0,1000000,0,0,0.00,0,0,0,4096,141344047104,0,4501,4395,0,1.0000,0.000000,0.000000,0,27000832,1,1000,4096,75,10,1,1
2025-11-22 23:47:16,236,0000000,0,0,0,0,0,0,0,26,0,0,0,0,0,0,0,3991,0,0.00,3272,81.98,0,0,54,3835,0,0,0.00,0,0,0.00,4096,4096,0,0,0.333328,0,0,0,0.000000,0.000000,0,1000000,0,0,0.00,0,0,0,4096,173287473152,0,4501,4395,0,1.0000,0.000000,0.000000,0,-36438016,1,1000,4096,75,10,1,1
2025-11-22 23:47:23,161,1000101,1,0,0,0,1,0,1,11,1,0,0,0,1,0,1,3991,1327,33.25,1945,48.73,32,1371,59,4682,0,0,0.00,12,0,0.00,4096,4096,0,0,0.333328,812,5,22,0.074576,2.752542,0,1000000,0,0,0.00,0,0,0,4096,149209546752,0,4501,4395,0,1.0000,0.000000,0.000000,0,-15466496,1,1000,4096,75,10,1,1
2025-11-22 23:47:30,27,0010111,0,0,1,0,1,1,1,27,0,0,1,0,1,1,1,3991,0,0.00,3272,81.98,0,0,40,2161,0,0,0.00,0,0,0.00,4096,4096,0,0,0.333328,0,0,0,0.000000,0.000000,0,1000000,0,0,0.00,0,0,0,4096,130167209984,0,4501,4395,0,1.0000,0.000000,0.000000,0,-983040,1,1000,4096,75,10,1,1
2025-11-22 23:47:36,158,1000101,1,0,0,0,1,0,1,8,1,0,0,0,1,0,1,3991,1327,33.25,1945,48.73,36,1444,62,5204,0,0,0.00,12,0,0.00,4096,4096,0,0,0.333328,812,5,22,0.074576,2.752542,0,1000000,0,0,0.00,0,0,0,4096,163999973376,0,4501,4395,0,1.0000,0.000000,0.000000,0,25690112,1,1000,4096,75,10,1,1
2025-11-22 23:47:43,141,0100101,0,1,0,0,1,0,1,21,0,1,0,0,1,0,1,3991,0,0.00,3272,81.98,0,0,41,2225,0,0,0.00,0,0,0.00,4096,4096,1630,0,0.333328,0,0,0,0.000000,0.000000,0,1000000,0,0,0.00,0,0,0,4096,132281008128,0,4501,4395,0,1.0000,0.000000,0.000000,0,0,1,1000,4096,75,10,1,1
2025-11-22 23:47:49,218,0000000,0,0,0,0,0,0,0,8,0,0,0,0,0,0,0,3991,0,0.00,3272,81.98,0,0,38,1949,0,0,0.00,0,0,0.00,4096,4096,0,0,0.333328,0,0,0,0.000000,0.000000,0,1000000,0,0,0.00,0,0,0,4096,127742902272,0,4501,4395,0,1.0000,0.000000,0.000000,0,-327680,1,1000,4096,75,10,1,1
2025-11-22 23:47:56,45,0100100,0,1,0,0,1,0,0,15,0,1,0,0,1,0,0,3991,0,0.00,3272,81.98,0,0,54,3793,0,0,0.00,0,0,0.00,4096,4096,1630,0,0.333328,0,0,0,0.000000,0.000000,0,1000000,0,0,0.00,0,0,0,4096,180067172352,0,4501,4395,0,1.0000,0.000000,0.000000,0,-9633792,1,1000,4096,75,10,1,1
2025-11-22 23:48:03,46,0100100,0,1,0,0,1,0,0,16,0,1,0,0,1,0,0,3991,0,0.00,3272,81.98,0,0,39,1986,0,0,0.00,0,0,0.00,4096,4096,1630,0,0.333328,0,0,0,0.000000,0.000000,0,1000000,0,0,0.00,0,0,0,4096,130829975552,0,4501,4395,0,1.0000,0.000000,0.000000,0,1048576,1,1000,4096,75,10,1,1
2025-11-22 23:48:09,25,0010111,0,0,1,0,1,1,1,25,0,0,1,0,1,1,1,3991,0,0.00,3272,81.98,0,0,49,3120,0,0,0.00,0,0,0.00,4096,4096,0,0,0.333328,0,0,0,0.000000,0.000000,0,1000000,0,0,0.00,0,0,0,4096,169404858368,0,4501,4395,0,1.0000,0.000000,0.000000,0,-27197440,1,1000,4096,75,10,1,1
2025-11-22 23:48:16,223,0000000,0,0,0,0,0,0,0,13,0,0,0,0,0,0,0,3991,0,0.00,3272,81.98,0,0,46,2780,0,0,0.00,0,0,0.00,4096,4096,0,0,0.333328,0,0,0,0.000000,0.000000,0,1000000,0,0,0.00,0,0,0,4096,150610313216,0,4501,4395,0,1.0000,0.000000,0.000000,0,3211264,1,1000,4096,75,10,1,1
2025-11-22 23:48:22,4,0010111,0,0,1,0,1,1,1,4,0,0,1,0,1,1,1,3991,0,0.00,3272,81.98,0,0,52,7498,0,0,0.00,0,0,0.00,4096,4096,0,0,0.333328,0,0,0,0.000000,0.000000,0,1000000,0,0,0.00,0,0,0,4096,166045220864,0,4501,4395,0,1.0000,0.000000,0.000000,0,-26345472,1,1000,4096,75,10,1,1
2025-11-22 23:48:29,169,1000101,1,0,0,0,1,0,1,19,1,0,0,0,1,0,1,3991,1327,33.25,1945,48.73,29,951,51,3439,0,0,0.00,12,0,0.00,4096,4096,0,0,0.333328,812,5,22,0.074576,2.752542,0,1000000,0,0,0.00,0,0,0,4096,126725914624,0,4501,4395,0,1.0000,0.000000,0.000000,0,18481152,1,1000,4096,75,10,1,1
2025-11-22 23:48:36,188,0000011,0,0,0,0,0,1,1,8,0,0,0,0,0,1,1,3991,0,0.00,3272,81.98,0,0,61,4815,0,0,0.00,0,0,0.00,4096,4096,0,0,0.333328,0,0,0,0.000000,0.000000,0,1000000,0,0,0.00,0,0,0,4096,196584931328,0,4501,4395,0,1.0000,0.000000,0.000000,0,-6619136,1,1000,4096,75,10,1,1
2025-11-22 23:48:42,165,1000101,1,0,0,0,1,0,1,15,1,0,0,0,1,0,1,3991,1327,33.25,1945,48.73,31,1125,54,3815,0,0,0.00,12,0,0.00,4096,4096,0,0,0.333328,812,5,22,0.074576,2.752542,0,1000000,0,0,0.00,0,0,0,4096,140046696448,0,4501,4395,0,1.0000,0.000000,0.000000,0,-11665408,1,1000,4096,75,10,1,1
2025-11-22 23:48:49,186,0000011,0,0,0,0,0,1,1,6,0,0,0,0,0,1,1,3991,0,0.00,3272,81.98,0,0,38,1885,0,0,0.00,0,0,0.00,4096,4096,0,0,0.333328,0,0,0,0.000000,0.000000,0,1000000,0,0,0.00,0,0,0,4096,129483079680,0,4501,4395,0,1.0000,0.000000,0.000000,0,-196608,1,1000,4096,75,10,1,1
2025-11-22 23:48:56,239,0000000,0,0,0,0,0,0,0,29,0,0,0,0,0,0,0,3991,0,0.00,3272,81.98,0,0,88,2952345,0,0,0.00,0,0,0.00,4096,4096,0,0,0.333328,0,0,0,0.000000,0.000000,0,1000000,0,0,0.00,0,0,0,4096,192625377280,0,4501,4395,0,1.0000,0.000000,0.000000,0,-14417920,1,1000,4096,75,10,1,1
2025-11-22 23:49:02,52,0100100,0,1,0,0,1,0,0,22,0,1,0,0,1,0,0,3991,0,0.00,3272,81.98,0,0,49,3186,0,0,0.00,0,0,0.00,4096,4096,1630,0,0.333328,0,0,0,0.000000,0.000000,0,1000000,0,0,0.00,0,0,0,4096,162763309056,0,4501,4395,0,1.0000,0.000000,0.000000,0,-39976960,1,1000,4096,75,10,1,1
2025-11-22 23:49:09,231,0000000,0,0,0,0,0,0,0,21,0,0,0,0,0,0,0,3991,0,0.00,3272,81.98,0,0,41,2275,0,0,0.00,0,0,0.00,4096,4096,0,0,0.333328,0,0,0,0.000000,0.000000,0,1000000,0,0,0.00,0,0,0,4096,132054056960,0,4501,4395,0,1.0000,0.000000,0.000000,0,65536,1,1000,4096,75,10,1,1
2025-11-22 23:49:16,70,0010010,0,0,1,0,0,1,0,10,0,0,1,0,0,1,0,3991,0,0.00,3272,81.98,0,0,42,27270,0,0,0.00,0,0,0.00,4096,4096,0,0,0.333328,0,0,0,0.000000,0.000000,0,1000000,0,0,0.00,0,0,0,4096,130153250816,0,4501,4395,0,1.0000,0.000000,0.000000,0,30081024,1,1000,4096,75,10,1,1
2025-11-22 23:49:22,83,0010010,0,0,1,0,0,1,0,23,0,0,1,0,0,1,0,3991,0,0.00,3272,81.98,0,0,58,4266,0,0,0.00,0,0,0.00,4096,4096,0,0,0.333328,0,0,0,0.000000,0.000000,0,1000000,0,0,0.00,0,0,0,4096,189133815808,0,4501,4395,0,1.0000,0.000000,0.000000,0,-9764864,1,1000,4096,75,10,1,1
2025-11-22 23:49:29,97,0110111,0,1,1,0,1,1,1,7,0,1,1,0,1,1,1,3991,0,0.00,3272,81.98,0,0,62,39992,0,0,0.00,0,0,0.00,4096,4096,1630,0,0.333328,0,0,0,0.000000,0.000000,0,1000000,0,0,0.00,0,0,0,4096,189761126400,0,4501,4395,0,1.0000,0.000000,0.000000,0,-16384000,1,1000,4096,75,10,1,1
2025-11-22 23:49:35,215,0000000,0,0,0,0,0,0,0,5,0,0,0,0,0,0,0,3991,0,0.00,3272,81.98,0,0,41,2379,0,0,0.00,0,0,0.00,4096,4096,0,0,0.333328,0,0,0,0.000000,0.000000,0,1000000,0,0,0.00,0,0,0,4096,132015325184,0,4501,4395,0,1.0000,0.000000,0.000000,0,65536,1,1000,4096,75,10,1,1
2025-11-22 23:49:42,5,0010111,0,0,1,0,1,1,1,5,0,0,1,0,1,1,1,3991,0,0.00,3272,81.98,0,0,40,2141,0,0,0.00,0,0,0.00,4096,4096,0,0,0.333328,0,0,0,0.000000,0.000000,0,1000000,0,0,0.00,0,0,0,4096,132108910592,0,4501,4395,0,1.0000,0.000000,0.000000,0,458752,1,1000,4096,75,10,1,1
2025-11-22 23:49:49,42,0100100,0,1,0,0,1,0,0,12,0,1,0,0,1,0,0,3991,0,0.00,3272,81.98,0,0,54,3792,0,0,0.00,0,0,0.00,4096,4096,1630,0,0.333328,0,0,0,0.000000,0.000000,0,1000000,0,0,0.00,0,0,0,4096,176543956992,0,4501,4395,0,1.0000,0.000000,0.000000,0,-45088768,1,1000,4096,75,10,1,1
2025-11-22 23:49:55,98,0110111,0,1,1,0,1,1,1,8,0,1,1,0,1,1,1,3991,0,0.00,3272,81.98,0,0,43,3598,0,0,0.00,0,0,0.00,4096,4096,1630,0,0.333328,0,0,0,0.000000,0.000000,0,1000000,0,0,0.00,0,0,0,4096,135415070720,0,4501,4395,0,1.0000,0.000000,0.000000,0,15925248,1,1000,4096,75,10,1,1
2025-11-22 23:50:02,24,0010111,0,0,1,0,1,1,1,24,0,0,1,0,1,1,1,3991,0,0.00,3272,81.98,0,0,38,1932,0,0,0.00,0,0,0.00,4096,4096,0,0,0.333328,0,0,0,0.000000,0.000000,0,1000000,0,0,0.00,0,0,0,4096,124059189248,0,4501,4395,0,1.0000,0.000000,0.000000,0,15204352,1,1000,4096,75,10,1,1
2025-11-22 23:50:09,207,0000011,0,0,0,0,0,1,1,27,0,0,0,0,0,1,1,3991,0,0.00,3272,81.98,0,0,51,3541,0,0,0.00,0,0,0.00,4096,4096,0,0,0.333328,0,0,0,0.000000,0.000000,0,1000000,0,0,0.00,0,0,0,4096,167484719104,0,4501,4395,0,1.0000,0.000000,0.000000,0,-34996224,1,1000,4096,75,10,1,1
2025-11-22 23:50:15,232,0000000,0,0,0,0,0,0,0,22,0,0,0,0,0,0,0,3991,0,0.00,3272,81.98,0,0,39,2037,0,0,0.00,0,0,0.00,4096,4096,0,0,0.333328,0,0,0,0.000000,0.000000,0,1000000,0,0,0.00,0,0,0,4096,126607884288,0,4501,4395,0,1.0000,0.000000,0.000000,0,-1703936,1,1000,4096,75,10,1,1
2025-11-22 23:50:22,220,0000000,0,0,0,0,0,0,0,10,0,0,0,0,0,0,0,3991,0,0.00,3272,81.98,0,0,38,1848,0,0,0.00,0,0,0.00,4096,4096,0,0,0.333328,0,0,0,0.000000,0.000000,0,1000000,0,0,0.00,0,0,0,4096,125216030720,0,4501,4395,0,1.0000,0.000000,0.000000,0,12517376,1,1000,4096,75,10,1,1
2025-11-22 23:50:28,154,1000101,1,0,0,0,1,0,1,4,1,0,0,0,1,0,1,3991,1327,33.25,1945,48.73,36,14574,55,4269,0,0,0.00,12,0,0.00,4096,4096,0,0,0.333328,812,5,22,0.074576,2.752542,0,1000000,0,0,0.00,0,0,0,4096,146034720768,0,4501,4395,0,1.0000,0.000000,0.000000,0,196608,1,1000,4096,75,10,1,1
2025-11-22 23:50:35,9,0010111,0,0,1,0,1,1,1,9,0,0,1,0,1,1,1,3991,0,0.00,3272,81.98,0,0,41,13525,0,0,0.00,0,0,0.00,4096,4096,0,0,0.333328,0,0,0,0.000000,0.000000,0,1000000,0,0,0.00,0,0,0,4096,129986396160,0,4501,4395,0,1.0000,0.000000,0.000000,0,19595264,1,1000,4096,75,10,1,1
2025-11-22 23:50:42,26,0010111,0,0,1,0,1,1,1,26,0,0,1,0,1,1,1,3991,0,0.00,3272,81.98,0,0,58,4405,0,0,0.00,0,0,0.00,4096,4096,0,0,0.333328,0,0,0,0.000000,0.000000,0,1000000,0,0,0.00,0,0,0,4096,182795960320,0,4501,4395,0,1.0000,0.000000,0.000000,0,-25427968,1,1000,4096,75,10,1,1
2025-11-22 23:50:48,66,0010010,0,0,1,0,0,1,0,6,0,0,1,0,0,1,0,3991,0,0.00,3272,81.98,0,0,55,3923,0,0,0.00,0,0,0.00,4096,4096,0,0,0.333328,0,0,0,0.000000,0.000000,0,1000000,0,0,0.00,0,0,0,4096,180681900032,0,4501,4395,0,1.0000,0.000000,0.000000,0,-35717120,1,1000,4096,75,10,1,1
2025-11-22 23:50:55,152,1000101,1,0,0,0,1,0,1,2,1,0,0,0,1,0,1,3991,1327,33.25,1945,48.73,35,1332,60,4632,0,0,0.00,12,0,0.00,4096,4096,0,0,0.333328,812,5,22,0.074576,2.752542,0,1000000,0,0,0.00,0,0,0,4096,155834449920,0,4501,4395,0,1.0000,0.000000,0.000000,0,39452672,1,1000,4096,75,10,1,1
2025-11-22 23:51:01,225,0000000,0,0,0,0,0,0,0,15,0,0,0,0,0,0,0,3991,0,0.00,3272,81.98,0,0,41,2184,0,0,0.00,0,0,0.00,4096,4096,0,0,0.333328,0,0,0,0.000000,0.000000,0,1000000,0,0,0.00,0,0,0,4096,131658416128,0,4501,4395,0,1.0000,0.000000,0.000000,0,65536,1,1000,4096,75,10,1,1
2025-11-22 23:51:08,222,0000000,0,0,0,0,0,0,0,12,0,0,0,0,0,0,0,3991,0,0.00,3272,81.98,0,0,45,81648,0,0,0.00,0,0,0.00,4096,4096,0,0,0.333328,0,0,0,0.000000,0.000000,0,1000000,0,0,0.00,0,0,0,4096,129892876288,0,4501,4395,0,1.0000,0.000000,0.000000,0,5242880,1,1000,4096,75,10,1,1
2025-11-22 23:51:15,86,0010010,0,0,1,0,0,1,0,26,0,0,1,0,0,1,0,3991,0,0.00,3272,81.98,0,0,54,3882,0,0,0.00,0,0,0.00,4096,4096,0,0,0.333328,0,0,0,0.000000,0.000000,0,1000000,0,0,0.00,0,0,0,4096,176122101760,0,4501,4395,0,1.0000,0.000000,0.000000,0,-25952256,1,1000,4096,75,10,1,1
2025-11-22 23:51:21,190,0000011,0,0,0,0,0,1,1,10,0,0,0,0,0,1,1,3991,0,0.00,3272,81.98,0,0,49,156503,0,0,0.00,0,0,0.00,4096,4096,0,0,0.333328,0,0,0,0.000000,0.000000,0,1000000,0,0,0.00,0,0,0,4096,136675393536,0,4501,4395,0,1.0000,0.000000,0.000000,0,32178176,1,1000,4096,75,10,1,1
2025-11-22 23:51:28,48,0100100,0,1,0,0,1,0,0,18,0,1,0,0,1,0,0,3991,0,0.00,3272,81.98,0,0,40,2043,0,0,0.00,0,0,0.00,4096,4096,1630,0,0.333328,0,0,0,0.000000,0.000000,0,1000000,0,0,0.00,0,0,0,4096,130808152064,0,4501,4395,0,1.0000,0.000000,0.000000,0,1114112,1,1000,4096,75,10,1,1
2025-11-22 23:51:34,224,0000000,0,0,0,0,0,0,0,14,0,0,0,0,0,0,0,3991,0,0.00,3272,81.98,0,0,39,2046,0,0,0.00,0,0,0.00,4096,4096,0,0,0.333328,0,0,0,0.000000,0.000000,0,1000000,0,0,0.00,0,0,0,4096,133018812416,0,4501,4395,0,1.0000,0.000000,0.000000,0,-11862016,1,1000,4096,75,10,1,1
2025-11-22 23:51:41,195,0000011,0,0,0,0,0,1,1,15,0,0,0,0,0,1,1,3991,0,0.00,3272,81.98,0,0,51,3429,0,0,0.00,0,0,0.00,4096,4096,0,0,0.333328,0,0,0,0.000000,0.000000,0,1000000,0,0,0.00,0,0,0,4096,167244726272,0,4501,4395,0,1.0000,0.000000,0.000000,0,-34734080,1,1000,4096,75,10,1,1
2025-11-22 23:51:48,3,0010111,0,0,1,0,1,1,1,3,0,0,1,0,1,1,1,3991,0,0.00,3272,81.98,0,0,45,2889,0,0,0.00,0,0,0.00,4096,4096,0,0,0.333328,0,0,0,0.000000,0.000000,0,1000000,0,0,0.00,0,0,0,4096,145411604480,0,4501,4395,0,1.0000,0.000000,0.000000,0,-44040192,1,1000,4096,75,10,1,1
2025-11-22 23:51:54,54,0100100,0,1,0,0,1,0,0,24,0,1,0,0,1,0,0,3991,0,0.00,3272,81.98,0,0,45,12661,0,0,0.00,0,0,0.00,4096,4096,1630,0,0.333328,0,0,0,0.000000,0.000000,0,1000000,0,0,0.00,0,0,0,4096,137498329088,0,4501,4395,0,1.0000,0.000000,0.000000,0,-17563648,1,1000,4096,75,10,1,1
2025-11-22 23:52:01,84,0010010,0,0,1,0,0,1,0,24,0,0,1,0,0,1,0,3991,0,0.00,3272,81.98,0,0,39,2046,0,0,0.00,0,0,0.00,4096,4096,0,0,0.333328,0,0,0,0.000000,0.000000,0,1000000,0,0,0.00,0,0,0,4096,125132800000,0,4501,4395,0,1.0000,0.000000,0.000000,0,0,1,1000,4096,75,10,1,1
2025-11-22 23:52:08,235,0000000,0,0,0,0,0,0,0,25,0,0,0,0,0,0,0,3991,0,0.00,3272,81.98,0,0,47,140267,0,0,0.00,0,0,0.00,4096,4096,0,0,0.333328,0,0,0,0.000000,0.000000,0,1000000,0,0,0.00,0,0,0,4096,131468623872,0,4501,4395,0,1.0000,0.000000,0.000000,0,7405568,1,1000,4096,75,10,1,1
2025-11-22 23:52:14,49,0100100,0,1,0,0,1,0,0,19,0,1,0,0,1,0,0,3991,0,0.00,3272,81.98,0,0,41,2403,0,0,0.00,0,0,0.00,4096,4096,1630,0,0.333328,0,0,0,0.000000,0.000000,0,1000000,0,0,0.00,0,0,0,4096,136052539392,0,4501,4395,0,1.0000,0.000000,0.000000,0,6553600,1,1000,4096,75,10,1,1
2025-11-22 23:52:21,47,0100100,0,1,0,0,1,0,0,17,0,1,0,0,1,0,0,3991,0,0.00,3272,81.98,0,0,37,1850,0,0,0.00,0,0,0.00,4096,4096,1630,0,0.333328,0,0,0,0.000000,0.000000,0,1000000,0,0,0.00,0,0,0,4096,123506524160,0,4501,4395,0,1.0000,0.000000,0.000000,0,-23199744,1,1000,4096,75,10,1,1
2025-11-22 23:52:28,50,0100100,0,1,0,0,1,0,0,20,0,1,0,0,1,0,0,3991,0,0.00,3272,81.98,0,0,38,1986,0,0,0.00,0,0,0.00,4096,4096,1630,0,0.333328,0,0,0,0.000000,0.000000,0,1000000,0,0,0.00,0,0,0,4096,122678280192,0,4501,4395,0,1.0000,0.000000,0.000000,0,720896,1,1000,4096,75,10,1,1
2025-11-22 23:52:34,198,0000011,0,0,0,0,0,1,1,18,0,0,0,0,0,1,1,3991,0,0.00,3272,81.98,0,0,40,16495,0,0,0.00,0,0,0.00,4096,4096,0,0,0.333328,0,0,0,0.000000,0.000000,0,1000000,0,0,0.00,0,0,0,4096,124354887680,0,4501,4395,0,1.0000,0.000000,0.000000,0,786432,1,1000,4096,75,10,1,1
2025-11-22 23:52:41,181,0000011,0,0,0,0,0,1,1,1,0,0,0,0,0,1,1,3991,0,0.00,3272,81.98,0,0,39,2050,0,0,0.00,0,0,0.00,4096,4096,0,0,0.333328,0,0,0,0.000000,0.000000,0,1000000,0,0,0.00,0,0,0,4096,124484648960,0,4501,4395,0,1.0000,0.000000,0.000000,0,-65536,1,1000,4096,75,10,1,1
2025-11-22 23:52:47,128,0100101,0,1,0,0,1,0,1,8,0,1,0,0,1,0,1,3991,0,0.00,3272,81.98,0,0,41,2290,0,0,0.00,0,0,0.00,4096,4096,1630,0,0.333328,0,0,0,0.000000,0.000000,0,1000000,0,0,0.00,0,0,0,4096,135989493760,0,4501,4395,0,1.0000,0.000000,0.000000,0,-12845056,1,1000,4096,75,10,1,1
2025-11-22 23:52:54,228,0000000,0,0,0,0,0,0,0,18,0,0,0,0,0,0,0,3991,0,0.00,3272,81.98,0,0,42,2349,0,0,0.00,0,0,0.00,4096,4096,0,0,0.333328,0,0,0,0.000000,0.000000,0,1000000,0,0,0.00,0,0,0,4096,137031254016,0,4501,4395,0,1.0000,0.000000,0.000000,0,-655360,1,1000,4096,75,10,1,1
2025-11-22 23:53:01,182,0000011,0,0,0,0,0,1,1,2,0,0,0,0,0,1,1,3991,0,0.00,3272,81.98,0,0,50,5883,0,0,0.00,0,0,0.00,4096,4096,0,0,0.333328,0,0,0,0.000000,0.000000,0,1000000,0,0,0.00,0,0,0,4096,163716857856,0,4501,4395,0,1.0000,0.000000,0.000000,0,-22478848,1,1000,4096,75,10,1,1
2025-11-22 23:53:07,168,1000101,1,0,0,0,1,0,1,18,1,0,0,0,1,0,1,3991,1327,33.25,1945,48.73,40,2042,72,7011,0,0,0.00,12,0,0.00,4096,4096,0,0,0.333328,812,5,22,0.074576,2.752542,0,1000000,0,0,0.00,0,0,0,4096,183125803008,0,4501,4395,0,1.0000,0.000000,0.000000,0,-1572864,1,1000,4096,75,10,1,1
2025-11-22 23:53:14,68,0010010,0,0,1,0,0,1,0,8,0,0,1,0,0,1,0,3991,0,0.00,3272,81.98,0,0,42,2281,0,0,0.00,0,0,0.00,4096,4096,0,0,0.333328,0,0,0,0.000000,0.000000,0,1000000,0,0,0.00,0,0,0,4096,132484366336,0,4501,4395,0,1.0000,0.000000,0.000000,0,5177344,1,1000,4096,75,10,1,1
2025-11-22 23:53:21,21,0010111,0,0,1,0,1,1,1,21,0,0,1,0,1,1,1,3991,0,0.00,3272,81.98,0,0,38,1974,0,0,0.00,0,0,0.00,4096,4096,0,0,0.333328,0,0,0,0.000000,0.000000,0,1000000,0,0,0.00,0,0,0,4096,131252551680,0,4501,4395,0,1.0000,0.000000,0.000000,0,-589824,1,1000,4096,75,10,1,1
2025-11-22 23:53:27,123,0100101,0,1,0,0,1,0,1,3,0,1,0,0,1,0,1,3991,0,0.00,3272,81.98,0,0,39,2004,0,0,0.00,0,0,0.00,4096,4096,1630,0,0.333328,0,0,0,0.000000,0.000000,0,1000000,0,0,0.00,0,0,0,4096,129469841408,0,4501,4395,0,1.0000,0.000000,0.000000,0,-131072,1,1000,4096,75,10,1,1
2025-11-22 23:53:34,14,0010111,0,0,1,0,1,1,1,14,0,0,1,0,1,1,1,3991,0,0.00,3272,81.98,0,0,42,2435,0,0,0.00,0,0,0.00,4096,4096,0,0,0.333328,0,0,0,0.000000,0.000000,0,1000000,0,0,0.00,0,0,0,4096,136934457344,0,4501,4395,0,1.0000,0.000000,0.000000,0,-19267584,1,1000,4096,75,10,1,1
2025-11-22 23:53:40,17,0010111,0,0,1,0,1,1,1,17,0,0,1,0,1,1,1,3991,0,0.00,3272,81.98,0,0,38,1846,0,0,0.00,0,0,0.00,4096,4096,0,0,0.333328,0,0,0,0.000000,0.000000,0,1000000,0,0,0.00,0,0,0,4096,124343156736,0,4501,4395,0,1.0000,0.000000,0.000000,0,458752,1,1000,4096,75,10,1,1
2025-11-22 23:53:47,175,1000101,1,0,0,0,1,0,1,25,1,0,0,0,1,0,1,3991,1327,33.25,1945,48.73,31,1083,54,3831,0,0,0.00,12,0,0.00,4096,4096,0,0,0.333328,812,5,22,0.074576,2.752542,0,1000000,0,0,0.00,0,0,0,4096,142445117440,0,4501,4395,0,1.0000,0.000000,0.000000,0,65536,1,1000,4096,75,10,1,1
2025-11-22 23:53:54,85,0010010,0,0,1,0,0,1,0,25,0,0,1,0,0,1,0,3991,0,0.00,3272,81.98,0,0,39,1992,0,0,0.00,0,0,0.00,4096,4096,0,0,0.333328,0,0,0,0.000000,0.000000,0,1000000,0,0,0.00,0,0,0,4096,130387673088,0,4501,4395,0,1.0000,0.000000,0.000000,0,-12910592,1,1000,4096,75,10,1,1
2025-11-22 23:54:00,44,0100100,0,1,0,0,1,0,0,14,0,1,0,0,1,0,0,3991,0,0.00,3272,81.98,0,0,39,1998,0,0,0.00,0,0,0.00,4096,4096,1630,0,0.333328,0,0,0,0.000000,0.000000,0,1000000,0,0,0.00,0,0,0,4096,130756247552,0,4501,4395,0,1.0000,0.000000,0.000000,0,65536,1,1000,4096,75,10,1,1
2025-11-22 23:54:07,129,0100101,0,1,0,0,1,0,1,9,0,1,0,0,1,0,1,3991,0,0.00,3272,81.98,0,0,50,3431,0,0,0.00,0,0,0.00,4096,4096,1630,0,0.333328,0,0,0,0.000000,0.000000,0,1000000,0,0,0.00,0,0,0,4096,162483142656,0,4501,4395,0,1.0000,0.000000,0.000000,0,-21102592,1,1000,4096,75,10,1,1
2025-11-22 23:54:14,162,1000101,1,0,0,0,1,0,1,12,1,0,0,0,1,0,1,3991,1327,33.25,1945,48.73,32,1127,53,3871,0,0,0.00,12,0,0.00,4096,4096,0,0,0.333328,812,5,22,0.074576,2.752542,0,1000000,0,0,0.00,0,0,0,4096,139046617088,0,4501,4395,0,1.0000,0.000000,0.000000,0,25624576,1,1000,4096,75,10,1,1
2025-11-22 23:54:20,91,0110111,0,1,1,0,1,1,1,1,0,1,1,0,1,1,1,3991,0,0.00,3272,81.98,0,0,39,2050,0,0,0.00,0,0,0.00,4096,4096,1630,0,0.333328,0,0,0,0.000000,0.000000,0,1000000,0,0,0.00,0,0,0,4096,131531800576,0,4501,4395,0,1.0000,0.000000,0.000000,0,-65536,1,1000,4096,75,10,1,1
2025-11-22 23:54:27,67,0010010,0,0,1,0,0,1,0,7,0,0,1,0,0,1,0,3991,0,0.00,3272,81.98,0,0,40,2223,0,0,0.00,0,0,0.00,4096,4096,0,0,0.333328,0,0,0,0.000000,0.000000,0,1000000,0,0,0.00,0,0,0,4096,132455399424,0,4501,4395,0,1.0000,0.000000,0.000000,0,11403264,1,1000,4096,75,10,1,1
2025-11-22 23:54:33,136,0100101,0,1,0,0,1,0,1,16,0,1,0,0,1,0,1,3991,0,0.00,3272,81.98,0,0,37,1793,0,0,0.00,0,0,0.00,4096,4096,1630,0,0.333328,0,0,0,0.000000,0.000000,0,1000000,0,0,0.00,0,0,0,4096,123563016192,0,4501,4395,0,1.0000,0.000000,0.000000,0,-2162688,1,1000,4096,75,10,1,1
2025-11-22 23:54:40,234,0000000,0,0,0,0,0,0,0,24,0,0,0,0,0,0,0,3991,0,0.00,3272,81.98,0,0,37,1777,0,0,0.00,0,0,0.00,4096,4096,0,0,0.333328,0,0,0,0.000000,0.000000,0,1000000,0,0,0.00,0,0,0,4096,121872187392,0,4501,4395,0,1.0000,0.000000,0.000000,0,262144,1,1000,4096,75,10,1,1
2025-11-22 23:54:46,60,0100100,0,1,0,0,1,0,0,30,0,1,0,0,1,0,0,3991,0,0.00,3272,81.98,0,0,39,1950,0,0,0.00,0,0,0.00,4096,4096,1630,0,0.333328,0,0,0,0.000000,0.000000,0,1000000,0,0,0.00,0,0,0,4096,132837539840,0,4501,4395,0,1.0000,0.000000,0.000000,0,14942208,1,1000,4096,75,10,1,1
2025-11-22 23:54:53,2,0010111,0,0,1,0,1,1,1,2,0,0,1,0,1,1,1,3991,0,0.00,3272,81.98,0,0,76,1516353,0,0,0.00,0,0,0.00,4096,4096,0,0,0.333328,0,0,0,0.000000,0.000000,0,1000000,0,0,0.00,0,0,0,4096,182797795328,0,4501,4395,0,1.0000,0.000000,0.000000,0,-38273024,1,1000,4096,75,10,1,1
2025-11-22 23:55:00,199,0000011,0,0,0,0,0,1,1,19,0,0,0,0,0,1,1,3991,0,0.00,3272,81.98,0,0,50,3434,0,0,0.00,0,0,0.00,4096,4096,0,0,0.333328,0,0,0,0.000000,0.000000,0,1000000,0,0,0.00,0,0,0,4096,167179124736,0,4501,4395,0,1.0000,0.000000,0.000000,0,-71761920,1,1000,4096,75,10,1,1
2025-11-22 23:55:06,90,0010010,0,0,1,0,0,1,0,30,0,0,1,0,0,1,0,3991,0,0.00,3272,81.98,0,0,37,1827,0,0,0.00,0,0,0.00,4096,4096,0,0,0.333328,0,0,0,0.000000,0.000000,0,1000000,0,0,0.00,0,0,0,4096,122934984704,0,4501,4395,0,1.0000,0.000000,0.000000,0,-524288,1,1000,4096,75,10,1,1
2025-11-22 23:55:13,130,0100101,0,1,0,0,1,0,1,10,0,1,0,0,1,0,1,3991,0,0.00,3272,81.98,0,0,44,2763,0,0,0.00,0,0,0.00,4096,4096,1630,0,0.333328,0,0,0,0.000000,0.000000,0,1000000,0,0,0.00,0,0,0,4096,143889465344,0,4501,4395,0,1.0000,0.000000,0.000000,0,-32440320,1,1000,4096,75,10,1,1
2025-11-22 23:55:20,107,0110111,0,1,1,0,1,1,1,17,0,1,1,0,1,1,1,3991,0,0.00,3272,81.98,0,0,39,2108,0,0,0.00,0,0,0.00,4096,4096,1630,0,0.333328,0,0,0,0.000000,0.000000,0,1000000,0,0,0.00,0,0,0,4096,130974613504,0,4501,4395,0,1.0000,0.000000,0.000000,0,-131072,1,1000,4096,75,10,1,1
2025-11-22 23:55:26,213,0000000,0,0,0,0,0,0,0,3,0,0,0,0,0,0,0,3991,0,0.00,3272,81.98,0,0,38,1888,0,0,0.00,0,0,0.00,4096,4096,0,0,0.333328,0,0,0,0.000000,0.000000,0,1000000,0,0,0.00,0,0,0,4096,126307139584,0,4501,4395,0,1.0000,0.000000,0.000000,0,36700160,1,1000,4096,75,10,1,1
2025-11-22 23:55:33,132,0100101,0,1,0,0,1,0,1,12,0,1,0,0,1,0,1,3991,0,0.00,3272,81.98,0,0,43,2427,0,0,0.00,0,0,0.00,4096,4096,1630,0,0.333328,0,0,0,0.000000,0.000000,0,1000000,0,0,0.00,0,0,0,4096,146558091264,0,4501,4395,0,1.0000,0.000000,0.000000,0,4784128,1,1000,4096,75,10,1,1
2025-11-22 23:55:40,102,0110111,0,1,1,0,1,1,1,12,0,1,1,0,1,1,1,3991,0,0.00,3272,81.98,0,0,38,1973,0,0,0.00,0,0,0.00,4096,4096,1630,0,0.333328,0,0,0,0.000000,0.000000,0,1000000,0,0,0.00,0,0,0,4096,127533580288,0,4501,4395,0,1.0000,0.000000,0.000000,0,-917504,1,1000,4096,75,10,1,1
2025-11-22 23:55:46,174,1000101,1,0,0,0,1,0,1,24,1,0,0,0,1,0,1,3991,1327,33.25,1945,48.73,29,975,92,2840984,0,0,0.00,12,0,0.00,4096,4096,0,0,0.333328,812,5,22,0.074576,2.752542,0,1000000,0,0,0.00,0,0,0,4096,140652773376,0,4501,4395,0,1.0000,0.000000,0.000000,0,12451840,1,1000,4096,75,10,1,1
2025-11-22 23:55:53,59,0100100,0,1,0,0,1,0,0,29,0,1,0,0,1,0,0,3991,0,0.00,3272,81.98,0,0,63,548926,0,0,0.00,0,0,0.00,4096,4096,1630,0,0.333328,0,0,0,0.000000,0.000000,0,1000000,0,0,0.00,0,0,0,4096,169259237376,0,4501,4395,0,1.0000,0.000000,0.000000,0,-44826624,1,1000,4096,75,10,1,1
2025-11-22 23:55:59,143,0100101,0,1,0,0,1,0,1,23,0,1,0,0,1,0,1,3991,0,0.00,3272,81.98,0,0,43,14872,0,0,0.00,0,0,0.00,4096,4096,1630,0,0.333328,0,0,0,0.000000,0.000000,0,1000000,0,0,0.00,0,0,0,4096,138300358656,0,4501,4395,0,1.0000,0.000000,0.000000,0,32505856,1,1000,4096,75,10,1,1
2025-11-22 23:56:06,106,0110111,0,1,1,0,1,1,1,16,0,1,1,0,1,1,1,3991,0,0.00,3272,81.98,0,0,40,2114,0,0,0.00,0,0,0.00,4096,4096,1630,0,0.333328,0,0,0,0.000000,0.000000,0,1000000,0,0,0.00,0,0,0,4096,134187515904,0,4501,4395,0,1.0000,0.000000,0.000000,0,9699328,1,1000,4096,75,10,1,1
2025-11-22 23:56:13,226,0000000,0,0,0,0,0,0,0,16,0,0,0,0,0,0,0,3991,0,0.00,3272,81.98,0,0,39,2085,0,0,0.00,0,0,0.00,4096,4096,0,0,0.333328,0,0,0,0.000000,0.000000,0,1000000,0,0,0.00,0,0,0,4096,134735003648,0,4501,4395,0,1.0000,0.000000,0.000000,0,131072,1,1000,4096,75,10,1,1
2025-11-22 23:56:19,39,0100100,0,1,0,0,1,0,0,9,0,1,0,0,1,0,0,3991,0,0.00,3272,81.98,0,0,56,4214,0,0,0.00,0,0,0.00,4096,4096,1630,0,0.333328,0,0,0,0.000000,0.000000,0,1000000,0,0,0.00,0,0,0,4096,177094000640,0,4501,4395,0,1.0000,0.000000,0.000000,0,-3342336,1,1000,4096,75,10,1,1
2025-11-22 23:56:26,212,0000000,0,0,0,0,0,0,0,2,0,0,0,0,0,0,0,3991,0,0.00,3272,81.98,0,0,48,2918,0,0,0.00,0,0,0.00,4096,4096,0,0,0.333328,0,0,0,0.000000,0.000000,0,1000000,0,0,0.00,0,0,0,4096,155663466496,0,4501,4395,0,1.0000,0.000000,0.000000,0,-32505856,1,1000,4096,75,10,1,1
2025-11-22 23:56:32,110,0110111,0,1,1,0,1,1,1,20,0,1,1,0,1,1,1,3991,0,0.00,3272,81.98,0,0,44,2626,0,0,0.00,0,0,0.00,4096,4096,1630,0,0.333328,0,0,0,0.000000,0.000000,0,1000000,0,0,0.00,0,0,0,4096,157831200768,0,4501,4395,0,1.0000,0.000000,0.000000,0,-27197440,1,1000,4096,75,10,1,1
2025-11-22 23:56:39,196,0000011,0,0,0,0,0,1,1,16,0,0,0,0,0,1,1,3991,0,0.00,3272,81.98,0,0,42,2390,0,0,0.00,0,0,0.00,4096,4096,0,0,0.333328,0,0,0,0.000000,0.000000,0,1000000,0,0,0.00,0,0,0,4096,142337966080,0,4501,4395,0,1.0000,0.000000,0.000000,0,-12582912,1,1000,4096,75,10,1,1
2025-11-22 23:56:46,159,1000101,1,0,0,0,1,0,1,9,1,0,0,0,1,0,1,3991,1327,33.25,1945,48.73,39,1938,66,6028,0,0,0.00,12,0,0.00,4096,4096,0,0,0.333328,812,5,22,0.074576,2.752542,0,1000000,0,0,0.00,0,0,0,4096,173630423040,0,4501,4395,0,1.0000,0.000000,0.000000,0,20447232,1,1000,4096,75,10,1,1
2025-11-22 23:56:52,116,0110111,0,1,1,0,1,1,1,26,0,1,1,0,1,1,1,3991,0,0.00,3272,81.98,0,0,48,3068,0,0,0.00,0,0,0.00,4096,4096,1630,0,0.333328,0,0,0,0.000000,0.000000,0,1000000,0,0,0.00,0,0,0,4096,154706182144,0,4501,4395,0,1.0000,0.000000,0.000000,0,12713984,1,1000,4096,75,10,1,1
2025-11-22 23:56:59,138,0100101,0,1,0,0,1,0,1,18,0,1,0,0,1,0,1,3991,0,0.00,3272,81.98,0,0,44,3148,0,0,0.00,0,0,0.00,4096,4096,1630,0,0.333328,0,0,0,0.000000,0.000000,0,1000000,0,0,0.00,0,0,0,4096,135592607744,0,4501,4395,0,1.0000,0.000000,0.000000,0,-65536,1,1000,4096,75,10,1,1
2025-11-22 23:57:06,76,0010010,0,0,1,0,0,1,0,16,0,0,1,0,0,1,0,3991,0,0.00,3272,81.98,0,0,52,3690,0,0,0.00,0,0,0.00,4096,4096,0,0,0.333328,0,0,0,0.000000,0.000000,0,1000000,0,0,0.00,0,0,0,4096,175276032000,0,4501,4395,0,1.0000,0.000000,0.000000,0,-30867456,1,1000,4096,75,10,1,1
2025-11-22 23:57:12,29,0010111,0,0,1,0,1,1,1,29,0,0,1,0,1,1,1,3991,0,0.00,3272,81.98,0,0,39,1950,0,0,0.00,0,0,0.00,4096,4096,0,0,0.333328,0,0,0,0.000000,0.000000,0,1000000,0,0,0.00,0,0,0,4096,130238578688,0,4501,4395,0,1.0000,0.000000,0.000000,0,-2490368,1,1000,4096,75,10,1,1
2025-11-22 23:57:19,96,0110111,0,1,1,0,1,1,1,6,0,1,1,0,1,1,1,3991,0,0.00,3272,81.98,0,0,42,27577,0,0,0.00,0,0,0.00,4096,4096,1630,0,0.333328,0,0,0,0.000000,0.000000,0,1000000,0,0,0.00,0,0,0,4096,126178754560,0,4501,4395,0,1.0000,0.000000,0.000000,0,1114112,1,1000,4096,75,10,1,1
2025-11-22 23:57:25,114,0110111,0,1,1,0,1,1,1,24,0,1,1,0,1,1,1,3991,0,0.00,3272,81.98,0,0,49,3160,0,0,0.00,0,0,0.00,4096,4096,1630,0,0.333328,0,0,0,0.000000,0.000000,0,1000000,0,0,0.00,0,0,0,4096,159124553728,0,4501,4395,0,1.0000,0.000000,0.000000,0,-8060928,1,1000,4096,75,10,1,1
2025-11-22 23:57:32,1,0010111,0,0,1,0,1,1,1,1,0,0,1,0,1,1,1,3991,0,0.00,3272,81.98,0,0,40,9289,0,0,0.00,0,0,0.00,4096,4096,0,0,0.333328,0,0,0,0.000000,0.000000,0,1000000,0,0,0.00,0,0,0,4096,125749690368,0,4501,4395,0,1.0000,0.000000,0.000000,0,12058624,1,1000,4096,75,10,1,1
2025-11-22 23:57:39,12,0010111,0,0,1,0,1,1,1,12,0,0,1,0,1,1,1,3991,0,0.00,3272,81.98,0,0,44,9277,0,0,0.00,0,0,0.00,4096,4096,0,0,0.333328,0,0,0,0.000000,0.000000,0,1000000,0,0,0.00,0,0,0,4096,134277365760,0,4501,4395,0,1.0000,0.000000,0.000000,0,-262144,1,1000,4096,75,10,1,1
2025-11-22 23:57:46,204,0000011,0,0,0,0,0,1,1,24,0,0,0,0,0,1,1,3991,0,0.00,3272,81.98,0,0,40,2407,0,0,0.00,0,0,0.00,4096,4096,0,0,0.333328,0,0,0,0.000000,0.000000,0,1000000,0,0,0.00,0,0,0,4096,135377518592,0,4501,4395,0,1.0000,0.000000,0.000000,0,14876672,1,1000,4096,75,10,1,1
2025-11-22 23:57:52,125,0100101,0,1,0,0,1,0,1,5,0,1,0,0,1,0,1,3991,0,0.00,3272,81.98,0,0,37,1786,0,0,0.00,0,0,0.00,4096,4096,1630,0,0.333328,0,0,0,0.000000,0.000000,0,1000000,0,0,0.00,0,0,0,4096,125181100032,0,4501,4395,0,1.0000,0.000000,0.000000,0,-19529728,1,1000,4096,75,10,1,1
2025-11-22 23:57:59,134,0100101,0,1,0,0,1,0,1,14,0,1,0,0,1,0,1,3991,0,0.00,3272,81.98,0,0,63,5613,0,0,0.00,0,0,0.00,4096,4096,1630,0,0.333328,0,0,0,0.000000,0.000000,0,1000000,0,0,0.00,0,0,0,4096,211589070848,0,4501,4395,0,1.0000,0.000000,0.000000,0,10485760,1,1000,4096,75,10,1,1
2025-11-22 23:58:05,55,0100100,0,1,0,0,1,0,0,25,0,1,0,0,1,0,0,3991,0,0.00,3272,81.98,0,0,36,1763,0,0,0.00,0,0,0.00,4096,4096,1630,0,0.333328,0,0,0,0.000000,0.000000,0,1000000,0,0,0.00,0,0,0,4096,120847859712,0,4501,4395,0,1.0000,0.000000,0.000000,0,14942208,1,1000,4096,75,10,1,1
2025-11-22 23:58:12,149,0100101,0,1,0,0,1,0,1,29,0,1,0,0,1,0,1,3991,0,0.00,3272,81.98,0,0,40,2111,0,0,0.00,0,0,0.00,4096,4096,1630,0,0.333328,0,0,0,0.000000,0.000000,0,1000000,0,0,0.00,0,0,0,4096,131009282048,0,4501,4395,0,1.0000,0.000000,0.000000,0,31719424,1,1000,4096,75,10,1,1
2025-11-22 23:58:18,173,1000101,1,0,0,0,1,0,1,23,1,0,0,0,1,0,1,3991,1327,33.25,1945,48.73,33,1237,60,4643,0,0,0.00,12,0,0.00,4096,4096,0,0,0.333328,812,5,22,0.074576,2.752542,0,1000000,0,0,0.00,0,0,0,4096,150166437888,0,4501,4395,0,1.0000,0.000000,0.000000,0,2031616,1,1000,4096,75,10,1,1
2025-11-22 23:58:25,126,0100101,0,1,0,0,1,0,1,6,0,1,0,0,1,0,1,3991,0,0.00,3272,81.98,0,0,42,9820,0,0,0.00,0,0,0.00,4096,4096,1630,0,0.333328,0,0,0,0.000000,0.000000,0,1000000,0,0,0.00,0,0,0,4096,127881117696,0,4501,4395,0,1.0000,0.000000,0.000000,0,12451840,1,1000,4096,75,10,1,1
2025-11-22 23:58:32,38,0100100,0,1,0,0,1,0,0,8,0,1,0,0,1,0,0,3991,0,0.00,3272,81.98,0,0,43,2553,0,0,0.00,0,0,0.00,4096,4096,1630,0,0.333328,0,0,0,0.000000,0.000000,0,1000000,0,0,0.00,0,0,0,4096,142814740480,0,4501,4395,0,1.0000,0.000000,0.000000,0,-22544384,1,1000,4096,75,10,1,1
2025-11-22 23:58:38,104,0110111,0,1,1,0,1,1,1,14,0,1,1,0,1,1,1,3991,0,0.00,3272,81.98,0,0,39,2159,0,0,0.00,0,0,0.00,4096,4096,1630,0,0.333328,0,0,0,0.000000,0.000000,0,1000000,0,0,0.00,0,0,0,4096,123431747584,0,4501,4395,0,1.0000,0.000000,0.000000,0,-262144,1,1000,4096,75,10,1,1
2025-11-22 23:58:45,210,0000011,0,0,0,0,0,1,1,30,0,0,0,0,0,1,1,3991,0,0.00,3272,81.98,0,0,55,3864,0,0,0.00,0,0,0.00,4096,4096,0,0,0.333328,0,0,0,0.000000,0.000000,0,1000000,0,0,0.00,0,0,0,4096,178571247616,0,4501,4395,0,1.0000,0.000000,0.000000,0,-30277632,1,1000,4096,75,10,1,1
2025-11-22 23:58:52,119,0110111,0,1,1,0,1,1,1,29,0,1,1,0,1,1,1,3991,0,0.00,3272,81.98,0,0,40,32118,0,0,0.00,0,0,0.00,4096,4096,1630,0,0.333328,0,0,0,0.000000,0.000000,0,1000000,0,0,0.00,0,0,0,4096,127134924800,0,4501,4395,0,1.0000,0.000000,0.000000,0,-327680,1,1000,4096,75,10,1,1
2025-11-22 23:58:58,53,0100100,0,1,0,0,1,0,0,23,0,1,0,0,1,0,0,3991,0,0.00,3272,81.98,0,0,38,1886,0,0,0.00,0,0,0.00,4096,4096,1630,0,0.333328,0,0,0,0.000000,0.000000,0,1000000,0,0,0.00,0,0,0,4096,130253389824,0,4501,4395,0,1.0000,0.000000,0.000000,0,-1310720,1,1000,4096,75,10,1,1
2025-11-22 23:59:05,203,0000011,0,0,0,0,0,1,1,23,0,0,0,0,0,1,1,3991,0,0.00,3272,81.98,0,0,50,3219,0,0,0.00,0,0,0.00,4096,4096,0,0,0.333328,0,0,0,0.000000,0.000000,0,1000000,0,0,0.00,0,0,0,4096,169615294464,0,4501,4395,0,1.0000,0.000000,0.000000,0,2555904,1,1000,4096,75,10,1,1
2025-11-22 23:59:11,171,1000101,1,0,0,0,1,0,1,21,1,0,0,0,1,0,1,3991,1327,33.25,1945,48.73,33,1254,61,5288,0,0,0.00,12,0,0.00,4096,4096,0,0,0.333328,812,5,22,0.074576,2.752542,0,1000000,0,0,0.00,0,0,0,4096,154018381824,0,4501,4395,0,1.0000,0.000000,0.000000,0,720896,1,1000,4096,75,10,1,1
2025-11-22 23:59:18,153,1000101,1,0,0,0,1,0,1,3,1,0,0,0,1,0,1,3991,1327,33.25,1945,48.73,30,1001,51,3649,0,0,0.00,12,0,0.00,4096,4096,0,0,0.333328,812,5,22,0.074576,2.752542,0,1000000,0,0,0.00,0,0,0,4096,133913444352,0,4501,4395,0,1.0000,0.000000,0.000000,0,7929856,1,1000,4096,75,10,1,1
2025-11-22 23:59:25,139,0100101,0,1,0,0,1,0,1,19,0,1,0,0,1,0,1,3991,0,0.00,3272,81.98,0,0,40,2069,0,0,0.00,0,0,0.00,4096,4096,1630,0,0.333328,0,0,0,0.000000,0.000000,0,1000000,0,0,0.00,0,0,0,4096,130690252800,0,4501,4395,0,1.0000,0.000000,0.000000,0,-2228224,1,1000,4096,75,10,1,1
2025-11-22 23:59:31,36,0100100,0,1,0,0,1,0,0,6,0,1,0,0,1,0,0,3991,0,0.00,3272,81.98,0,0,37,1983,0,0,0.00,0,0,0.00,4096,4096,1630,0,0.333328,0,0,0,0.000000,0.000000,0,1000000,0,0,0.00,0,0,0,4096,121964527616,0,4501,4395,0,1.0000,0.000000,0.000000,0,-1376256,1,1000,4096,75,10,1,1
2025-11-22 23:59:38,64,0010010,0,0,1,0,0,1,0,4,0,0,1,0,0,1,0,3991,0,0.00,3272,81.98,0,0,39,1930,0,0,0.00,0,0,0.00,4096,4096,0,0,0.333328,0,0,0,0.000000,0.000000,0,1000000,0,0,0.00,0,0,0,4096,129936130048,0,4501,4395,0,1.0000,0.000000,0.000000,0,-9895936,1,1000,4096,75,10,1,1
2025-11-22 23:59:45,189,0000011,0,0,0,0,0,1,1,9,0,0,0,0,0,1,1,3991,0,0.00,3272,81.98,0,0,39,1910,0,0,0.00,0,0,0.00,4096,4096,0,0,0.333328,0,0,0,0.000000,0.000000,0,1000000,0,0,0.00,0,0,0,4096,130634088448,0,4501,4395,0,1.0000,0.000000,0.000000,0,-2293760,1,1000,4096,75,10,1,1
2025-11-22 23:59:51,200,0000011,0,0,0,0,0,1,1,20,0,0,0,0,0,1,1,3991,0,0.00,3272,81.98,0,0,41,16066,0,0,0.00,0,0,0.00,4096,4096,0,0,0.333328,0,0,0,0.000000,0.000000,0,1000000,0,0,0.00,0,0,0,4096,125635526656,0,4501,4395,0,1.0000,0.000000,0.000000,0,196608,1,1000,4096,75,10,1,1
2025-11-22 23:59:58,217,0000000,0,0,0,0,0,0,0,7,0,0,0,0,0,0,0,3991,0,0.00,3272,81.98,0,0,53,3595,0,0,0.00,0,0,0.00,4096,4096,0,0,0.333328,0,0,0,0.000000,0.000000,0,1000000,0,0,0.00,0,0,0,4096,171885854720,0,4501,4395,0,1.0000,0.000000,0.000000,0,-1900544,1,1000,4096,75,10,1,1
2025-11-23 00:00:04,11,0010111,0,0,1,0,1,1,1,11,0,0,1,0,1,1,1,3991,0,0.00,3272,81.98,0,0,52,3551,0,0,0.00,0,0,0.00,4096,4096,0,0,0.333328,0,0,0,0.000000,0.000000,0,1000000,0,0,0.00,0,0,0,4096,173109411840,0,4501,4395,0,1.0000,0.000000,0.000000,0,-14417920,1,1000,4096,75,10,1,1
2025-11-23 00:00:11,229,0000000,0,0,0,0,0,0,0,19,0,0,0,0,0,0,0,3991,0,0.00,3272,81.98,0,0,41,2218,0,0,0.00,0,0,0.00,4096,4096,0,0,0.333328,0,0,0,0.000000,0.000000,0,1000000,0,0,0.00,0,0,0,4096,132800249856,0,4501,4395,0,1.0000,0.000000,0.000000,0,-1900544,1,1000,4096,75,10,1,1
2025-11-23 00:00:18,20,0010111,0,0,1,0,1,1,1,20,0,0,1,0,1,1,1,3991,0,0.00,3272,81.98,0,0,39,2004,0,0,0.00,0,0,0.00,4096,4096,0,0,0.333328,0,0,0,0.000000,0.000000,0,1000000,0,0,0.00,0,0,0,4096,128330825728,0,4501,4395,0,1.0000,0.000000,0.000000,0,-3342336,1,1000,4096,75,10,1,1
2025-11-23 00:00:24,40,0100100,0,1,0,0,1,0,0,10,0,1,0,0,1,0,0,3991,0,0.00,3272,81.98,0,0,39,2014,0,0,0.00,0,0,0.00,4096,4096,1630,0,0.333328,0,0,0,0.000000,0.000000,0,1000000,0,0,0.00,0,0,0,4096,126643798016,0,4501,4395,0,1.0000,0.000000,0.000000,0,4456448,1,1000,4096,75,10,1,1
2025-11-23 00:00:31,133,0100101,0,1,0,0,1,0,1,13,0,1,0,0,1,0,1,3991,0,0.00,3272,81.98,0,0,37,1750,0,0,0.00,0,0,0.00,4096,4096,1630,0,0.333328,0,0,0,0.000000,0.000000,0,1000000,0,0,0.00,0,0,0,4096,123431616512,0,4501,4395,0,1.0000,0.000000,0.000000,0,6029312,1,1000,4096,75,10,1,1
2025-11-23 00:00:38,238,0000000,0,0,0,0,0,0,0,28,0,0,0,0,0,0,0,3991,0,0.00,3272,81.98,0,0,48,13067,0,0,0.00,0,0,0.00,4096,4096,0,0,0.333328,0,0,0,0.000000,0.000000,0,1000000,0,0,0.00,0,0,0,4096,150995664896,0,4501,4395,0,1.0000,0.000000,0.000000,0,6094848,1,1000,4096,75,10,1,1
2025-11-23 00:00:44,219,0000000,0,0,0,0,0,0,0,9,0,0,0,0,0,0,0,3991,0,0.00,3272,81.98,0,0,37,1767,0,0,0.00,0,0,0.00,4096,4096,0,0,0.333328,0,0,0,0.000000,0.000000,0,1000000,0,0,0.00,0,0,0,4096,123889385472,0,4501,4395,0,1.0000,0.000000,0.000000,0,-16121856,1,1000,4096,75,10,1,1
2025-11-23 00:00:51,101,0110111,0,1,1,0,1,1,1,11,0,1,1,0,1,1,1,3991,0,0.00,3272,81.98,0,0,39,1986,0,0,0.00,0,0,0.00,4096,4096,1630,0,0.333328,0,0,0,0.000000,0.000000,0,1000000,0,0,0.00,0,0,0,4096,128874184704,0,4501,4395,0,1.0000,0.000000,0.000000,0,-65536,1,1000,4096,75,10,1,1
2025-11-23 00:00:57,118,0110111,0,1,1,0,1,1,1,28,0,1,1,0,1,1,1,3991,0,0.00,3272,81.98,0,0,47,19139,0,0,0.00,0,0,0.00,4096,4096,1630,0,0.333328,0,0,0,0.000000,0.000000,0,1000000,0,0,0.00,0,0,0,4096,151194042368,0,4501,4395,0,1.0000,0.000000,0.000000,0,-58392576,1,1000,4096,75,10,1,1
2025-11-23 00:01:04,147,0100101,0,1,0,0,1,0,1,27,0,1,0,0,1,0,1,3991,0,0.00,3272,81.98,0,0,54,3921,0,0,0.00,0,0,0.00,4096,4096,1630,0,0.333328,0,0,0,0.000000,0.000000,0,1000000,0,0,0.00,0,0,0,4096,179792838656,0,4501,4395,0,1.0000,0.000000,0.000000,0,-17170432,1,1000,4096,75,10,1,1
2025-11-23 00:01:10,160,1000101,1,0,0,0,1,0,1,10,1,0,0,0,1,0,1,3991,1327,33.25,1945,48.73,29,966,50,3331,0,0,0.00,12,0,0.00,4096,4096,0,0,0.333328,812,5,22,0.074576,2.752542,0,1000000,0,0,0.00,0,0,0,4096,131476684800,0,4501,4395,0,1.0000,0.000000,0.000000,0,-589824,1,1000,4096,75,10,1,1
2025-11-23 00:01:17,145,0100101,0,1,0,0,1,0,1,25,0,1,0,0,1,0,1,3991,0,0.00,3272,81.98,0,0,48,144216,0,0,0.00,0,0,0.00,4096,4096,1630,0,0.333328,0,0,0,0.000000,0.000000,0,1000000,0,0,0.00,0,0,0,4096,138579214336,0,4501,4395,0,1.0000,0.000000,0.000000,0,65536,1,1000,4096,75,10,1,1
2025-11-23 00:01:24,82,0010010,0,0,1,0,0,1,0,22,0,0,1,0,0,1,0,3991,0,0.00,3272,81.98,0,0,41,2152,0,0,0.00,0,0,0.00,4096,4096,0,0,0.333328,0,0,0,0.000000,0.000000,0,1000000,0,0,0.00,0,0,0,4096,130835152896,0,4501,4395,0,1.0000,0.000000,0.000000,0,-7208960,1,1000,4096,75,10,1,1
2025-11-23 00:01:30,74,0010010,0,0,1,0,0,1,0,14,0,0,1,0,0,1,0,3991,0,0.00,3272,81.98,0,0,39,10301,0,0,0.00,0,0,0.00,4096,4096,0,0,0.333328,0,0,0,0.000000,0.000000,0,1000000,0,0,0.00,0,0,0,4096,125185097728,0,4501,4395,0,1.0000,0.000000,0.000000,0,4718592,1,1000,4096,75,10,1,1
2025-11-23 00:01:37,103,0110111,0,1,1,0,1,1,1,13,0,1,1,0,1,1,1,3991,0,0.00,3272,81.98,0,0,54,3820,0,0,0.00,0,0,0.00,4096,4096,1630,0,0.333328,0,0,0,0.000000,0.000000,0,1000000,0,0,0.00,0,0,0,4096,182118187008,0,4501,4395,0,1.0000,0.000000,0.000000,0,-27197440,1,1000,4096,75,10,1,1
2025-11-23 00:01:43,79,0010010,0,0,1,0,0,1,0,19,0,0,1,0,0,1,0,3991,0,0.00,3272,81.98,0,0,54,3681,0,0,0.00,0,0,0.00,4096,4096,0,0,0.333328,0,0,0,0.000000,0.000000,0,1000000,0,0,0.00,0,0,0,4096,178819497984,0,4501,4395,0,1.0000,0.000000,0.000000,0,-12124160,1,1000,4096,75,10,1,1
2025-11-23 00:01:50,183,0000011,0,0,0,0,0,1,1,3,0,0,0,0,0,1,1,3991,0,0.00,3272,81.98,0,0,45,2770,0,0,0.00,0,0,0.00,4096,4096,0,0,0.333328,0,0,0,0.000000,0.000000,0,1000000,0,0,0.00,0,0,0,4096,145331650560,0,4501,4395,0,1.0000,0.000000,0.000000,0,-2686976,1,1000,4096,75,10,1,1
2025-11-23 00:01:57,81,0010010,0,0,1,0,0,1,0,21,0,0,1,0,0,1,0,3991,0,0.00,3272,81.98,0,0,45,2637,0,0,0.00,0,0,0.00,4096,4096,0,0,0.333328,0,0,0,0.000000,0.000000,0,1000000,0,0,0.00,0,0,0,4096,148843134976,0,4501,4395,0,1.0000,0.000000,0.000000,0,6750208,1,1000,4096,75,10,1,1
2025-11-23 00:02:03,92,0110111,0,1,1,0,1,1,1,2,0,1,1,0,1,1,1,3991,0,0.00,3272,81.98,0,0,41,2232,0,0,0.00,0,0,0.00,4096,4096,1630,0,0.333328,0,0,0,0.000000,0.000000,0,1000000,0,0,0.00,0,0,0,4096,131835625472,0,4501,4395,0,1.0000,0.000000,0.000000,0,-196608,1,1000,4096,75,10,1,1
2025-11-23 00:02:10,113,0110111,0,1,1,0,1,1,1,23,0,1,1,0,1,1,1,3991,0,0.00,3272,81.98,0,0,47,2928,0,0,0.00,0,0,0.00,4096,4096,1630,0,0.333328,0,0,0,0.000000,0.000000,0,1000000,0,0,0.00,0,0,0,4096,158764171264,0,4501,4395,0,1.0000,0.000000,0.000000,0,3145728,1,1000,4096,75,10,1,1
2025-11-23 00:02:17,216,0000000,0,0,0,0,0,0,0,6,0,0,0,0,0,0,0,3991,0,0.00,3272,81.98,0,0,42,2525,0,0,0.00,0,0,0.00,4096,4096,0,0,0.333328,0,0,0,0.000000,0.000000,0,1000000,0,0,0.00,0,0,0,4096,140010913792,0,4501,4395,0,1.0000,0.000000,0.000000,0,5832704,1,1000,4096,75,10,1,1
2025-11-23 00:02:23,178,1000101,1,0,0,0,1,0,1,28,1,0,0,0,1,0,1,3991,1327,33.25,1945,48.73,90,2596890,80,8509,0,0,0.00,12,0,0.00,4096,4096,0,0,0.333328,812,5,22,0.074576,2.752542,0,1000000,0,0,0.00,0,0,0,4096,204594872320,0,4501,4395,0,1.0000,0.000000,0.000000,0,-25624576,1,1000,4096,75,10,1,1
2025-11-23 00:02:30,227,0000000,0,0,0,0,0,0,0,17,0,0,0,0,0,0,0,3991,0,0.00,3272,81.98,0,0,39,1941,0,0,0.00,0,0,0.00,4096,4096,0,0,0.333328,0,0,0,0.000000,0.000000,0,1000000,0,0,0.00,0,0,0,4096,132080861184,0,4501,4395,0,1.0000,0.000000,0.000000,0,-1966080,1,1000,4096,75,10,1,1
2025-11-23 00:02:37,58,0100100,0,1,0,0,1,0,0,28,0,1,0,0,1,0,0,3991,0,0.00,3272,81.98,0,0,40,8175,0,0,0.00,0,0,0.00,4096,4096,1630,0,0.333328,0,0,0,0.000000,0.000000,0,1000000,0,0,0.00,0,0,0,4096,124012527616,0,4501,4395,0,1.0000,0.000000,0.000000,0,-393216,1,1000,4096,75,10,1,1
2025-11-23 00:02:43,109,0110111,0,1,1,0,1,1,1,19,0,1,1,0,1,1,1,3991,0,0.00,3272,81.98,0,0,45,2694,0,0,0.00,0,0,0.00,4096,4096,1630,0,0.333328,0,0,0,0.000000,0.000000,0,1000000,0,0,0.00,0,0,0,4096,144076570624,0,4501,4395,0,1.0000,0.000000,0.000000,0,18153472,1,1000,4096,75,10,1,1
2025-11-23 00:02:50,23,0010111,0,0,1,0,1,1,1,23,0,0,1,0,1,1,1,3991,0,0.00,3272,81.98,0,0,41,2215,0,0,0.00,0,0,0.00,4096,4096,0,0,0.333328,0,0,0,0.000000,0.000000,0,1000000,0,0,0.00,0,0,0,4096,135000293376,0,4501,4395,0,1.0000,0.000000,0.000000,0,-9371648,1,1000,4096,75,10,1,1
2025-11-23 00:02:56,163,1000101,1,0,0,0,1,0,1,13,1,0,0,0,1,0,1,3991,1327,33.25,1945,48.73,36,1464,65,5770,0,0,0.00,12,0,0.00,4096,4096,0,0,0.333328,812,5,22,0.074576,2.752542,0,1000000,0,0,0.00,0,0,0,4096,168480210944,0,4501,4395,0,1.0000,0.000000,0.000000,0,13172736,1,1000,4096,75,10,1,1
2025-11-23 00:03:03,73,0010010,0,0,1,0,0,1,0,13,0,0,1,0,0,1,0,3991,0,0.00,3272,81.98,0,0,39,2032,0,0,0.00,0,0,0.00,4096,4096,0,0,0.333328,0,0,0,0.000000,0.000000,0,1000000,0,0,0.00,0,0,0,4096,131007578112,0,4501,4395,0,1.0000,0.000000,0.000000,0,15663104,1,1000,4096,75,10,1,1
2025-11-23 00:03:10,164,1000101,1,0,0,0,1,0,1,14,1,0,0,0,1,0,1,3991,1327,33.25,1945,48.73,46,2404,85,30162,0,0,0.00,12,0,0.00,4096,4096,0,0,0.333328,812,5,22,0.074576,2.752542,0,1000000,0,0,0.00,0,0,0,4096,208481681408,0,4501,4395,0,1.0000,0.000000,0.000000,0,-7995392,1,1000,4096,75,10,1,1
2025-11-23 00:03:16,209,0000011,0,0,0,0,0,1,1,29,0,0,0,0,0,1,1,3991,0,0.00,3272,81.98,0,0,39,1975,0,0,0.00,0,0,0.00,4096,4096,0,0,0.333328,0,0,0,0.000000,0.000000,0,1000000,0,0,0.00,0,0,0,4096,129976893440,0,4501,4395,0,1.0000,0.000000,0.000000,0,786432,1,1000,4096,75,10,1,1
2025-11-23 00:03:23,65,0010010,0,0,1,0,0,1,0,5,0,0,1,0,0,1,0,3991,0,0.00,3272,81.98,0,0,47,69780,0,0,0.00,0,0,0.00,4096,4096,0,0,0.333328,0,0,0,0.000000,0.000000,0,1000000,0,0,0.00,0,0,0,4096,146295554048,0,4501,4395,0,1.0000,0.000000,0.000000,0,-33751040,1,1000,4096,75,10,1,1
2025-11-23 00:03:29,72,0010010,0,0,1,0,0,1,0,12,0,0,1,0,0,1,0,3991,0,0.00,3272,81.98,0,0,39,1974,0,0,0.00,0,0,0.00,4096,4096,0,0,0.333328,0,0,0,0.000000,0.000000,0,1000000,0,0,0.00,0,0,0,4096,126662213632,0,4501,4395,0,1.0000,0.000000,0.000000,0,-458752,1,1000,4096,75,10,1,1
2025-11-23 00:03:36,88,0010010,0,0,1,0,0,1,0,28,0,0,1,0,0,1,0,3991,0,0.00,3272,81.98,0,0,37,1792,0,0,0.00,0,0,0.00,4096,4096,0,0,0.333328,0,0,0,0.000000,0.000000,0,1000000,0,0,0.00,0,0,0,4096,127044943872,0,4501,4395,0,1.0000,0.000000,0.000000,0,-1703936,1,1000,4096,75,10,1,1
2025-11-23 00:03:43,115,0110111,0,1,1,0,1,1,1,25,0,1,1,0,1,1,1,3991,0,0.00,3272,81.98,0,0,39,2053,0,0,0.00,0,0,0.00,4096,4096,1630,0,0.333328,0,0,0,0.000000,0.000000,0,1000000,0,0,0.00,0,0,0,4096,130889416704,0,4501,4395,0,1.0000,0.000000,0.000000,0,-196608,1,1000,4096,75,10,1,1
2025-11-23 00:03:49,112,0110111,0,1,1,0,1,1,1,22,0,1,1,0,1,1,1,3991,0,0.00,3272,81.98,0,0,42,2576,0,0,0.00,0,0,0.00,4096,4096,1630,0,0.333328,0,0,0,0.000000,0.000000,0,1000000,0,0,0.00,0,0,0,4096,137297068032,0,4501,4395,0,1.0000,0.000000,0.000000,0,-50069504,1,1000,4096,75,10,1,1
2025-11-23 00:03:56,148,0100101,0,1,0,0,1,0,1,28,0,1,0,0,1,0,1,3991,0,0.00,3272,81.98,0,0,38,1937,0,0,0.00,0,0,0.00,4096,4096,1630,0,0.333328,0,0,0,0.000000,0.000000,0,1000000,0,0,0.00,0,0,0,4096,131909943296,0,4501,4395,0,1.0000,0.000000,0.000000,0,-9502720,1,1000,4096,75,10,1,1
2025-11-23 00:04:02,30,0010111,0,0,1,0,1,1,1,30,0,0,1,0,1,1,1,3991,0,0.00,3272,81.98,0,0,38,1911,0,0,0.00,0,0,0.00,4096,4096,0,0,0.333328,0,0,0,0.000000,0.000000,0,1000000,0,0,0.00,0,0,0,4096,125166682112,0,4501,4395,0,1.0000,0.000000,0.000000,0,-7012352,1,1000,4096,75,10,1,1
2025-11-23 00:04:09,177,1000101,1,0,0,0,1,0,1,27,1,0,0,0,1,0,1,3991,1327,33.25,1945,48.73,31,1284,54,3914,0,0,0.00,12,0,0.00,4096,4096,0,0,0.333328,812,5,22,0.074576,2.752542,0,1000000,0,0,0.00,0,0,0,4096,140427329536,0,4501,4395,0,1.0000,0.000000,0.000000,0,17498112,1,1000,4096,75,10,1,1
2025-11-23 00:04:16,87,0010010,0,0,1,0,0,1,0,27,0,0,1,0,0,1,0,3991,0,0.00,3272,81.98,0,0,39,2054,0,0,0.00,0,0,0.00,4096,4096,0,0,0.333328,0,0,0,0.000000,0.000000,0,1000000,0,0,0.00,0,0,0,4096,130386296832,0,4501,4395,0,1.0000,0.000000,0.000000,0,-22413312,1,1000,4096,75,10,1,1
2025-11-23 00:04:22,105,0110111,0,1,1,0,1,1,1,15,0,1,1,0,1,1,1,3991,0,0.00,3272,81.98,0,0,39,2039,0,0,0.00,0,0,0.00,4096,4096,1630,0,0.333328,0,0,0,0.000000,0.000000,0,1000000,0,0,0.00,0,0,0,4096,124740042752,0,4501,4395,0,1.0000,0.000000,0.000000,0,851968,1,1000,4096,75,10,1,1
2025-11-23 00:04:29,120,0110111,0,1,1,0,1,1,1,30,0,1,1,0,1,1,1,3991,0,0.00,3272,81.98,0,0,53,3700,0,0,0.00,0,0,0.00,4096,4096,1630,0,0.333328,0,0,0,0.000000,0.000000,0,1000000,0,0,0.00,0,0,0,4096,182644899840,0,4501,4395,0,1.0000,0.000000,0.000000,0,-29294592,1,1000,4096,75,10,1,1
2025-11-23 00:04:36,117,0110111,0,1,1,0,1,1,1,27,0,1,1,0,1,1,1,3991,0,0.00,3272,81.98,0,0,71,612585,0,0,0.00,0,0,0.00,4096,4096,1630,0,0.333328,0,0,0,0.000000,0.000000,0,1000000,0,0,0.00,0,0,0,4096,187587231744,0,4501,4395,0,1.0000,0.000000,0.000000,0,-13303808,1,1000,4096,75,10,1,1
2025-11-23 00:04:42,230,0000000,0,0,0,0,0,0,0,20,0,0,0,0,0,0,0,3991,0,0.00,3272,81.98,0,0,36,1726,0,0,0.00,0,0,0.00,4096,4096,0,0,0.333328,0,0,0,0.000000,0.000000,0,1000000,0,0,0.00,0,0,0,4096,121539264512,0,4501,4395,0,1.0000,0.000000,0.000000,0,-131072,1,1000,4096,75,10,1,1
2025-11-23 00:04:49,155,1000101,1,0,0,0,1,0,1,5,1,0,0,0,1,0,1,3991,1327,33.25,1945,48.73,32,1131,57,4298,0,0,0.00,12,0,0.00,4096,4096,0,0,0.333328,812,5,22,0.074576,2.752542,0,1000000,0,0,0.00,0,0,0,4096,141962969088,0,4501,4395,0,1.0000,0.000000,0.000000,0,26214400,1,1000,4096,75,10,1,1
2025-11-23 00:04:55,63,0010010,0,0,1,0,0,1,0,3,0,0,1,0,0,1,0,3991,0,0.00,3272,81.98,0,0,39,2026,0,0,0.00,0,0,0.00,4096,4096,0,0,0.333328,0,0,0,0.000000,0.000000,0,1000000,0,0,0.00,0,0,0,4096,131361669120,0,4501,4395,0,1.0000,0.000000,0.000000,0,65536,1,1000,4096,75,10,1,1
2025-11-23 00:05:02,214,0000000,0,0,0,0,0,0,0,4,0,0,0,0,0,0,0,3991,0,0.00,3272,81.98,0,0,48,3349,0,0,0.00,0,0,0.00,4096,4096,0,0,0.333328,0,0,0,0.000000,0.000000,0,1000000,0,0,0.00,0,0,0,4096,149924282368,0,4501,4395,0,1.0000,0.000000,0.000000,0,-37945344,1,1000,4096,75,10,1,1
2025-11-23 00:05:09,192,0000011,0,0,0,0,0,1,1,12,0,0,0,0,0,1,1,3991,0,0.00,3272,81.98,0,0,38,1833,0,0,0.00,0,0,0.00,4096,4096,0,0,0.333328,0,0,0,0.000000,0.000000,0,1000000,0,0,0.00,0,0,0,4096,127927255040,0,4501,4395,0,1.0000,0.000000,0.000000,0,-12255232,1,1000,4096,75,10,1,1
2025-11-23 00:05:15,150,0100101,0,1,0,0,1,0,1,30,0,1,0,0,1,0,1,3991,0,0.00,3272,81.98,0,0,41,2325,0,0,0.00,0,0,0.00,4096,4096,1630,0,0.333328,0,0,0,0.000000,0.000000,0,1000000,0,0,0.00,0,0,0,4096,138863181824,0,4501,4395,0,1.0000,0.000000,0.000000,0,4653056,1,1000,4096,75,10,1,1
2025-11-23 00:05:22,146,0100101,0,1,0,0,1,0,1,26,0,1,0,0,1,0,1,3991,0,0.00,3272,81.98,0,0,41,15959,0,0,0.00,0,0,0.00,4096,4096,1630,0,0.333328,0,0,0,0.000000,0.000000,0,1000000,0,0,0.00,0,0,0,4096,132242538496,0,4501,4395,0,1.0000,0.000000,0.000000,0,2162688,1,1000,4096,75,10,1,1
2025-11-23 00:05:29,140,0100101,0,1,0,0,1,0,1,20,0,1,0,0,1,0,1,3991,0,0.00,3272,81.98,0,0,61,1003246,0,0,0.00,0,0,0.00,4096,4096,1630,0,0.333328,0,0,0,0.000000,0.000000,0,1000000,0,0,0.00,0,0,0,4096,139425546240,0,4501,4395,0,1.0000,0.000000,0.000000,0,-34209792,1,1000,4096,75,10,1,1
2025-11-23 00:05:35,37,0100100,0,1,0,0,1,0,0,7,0,1,0,0,1,0,0,3991,0,0.00,3272,81.98,0,0,43,2423,0,0,0.00,0,0,0.00,4096,4096,1630,0,0.333328,0,0,0,0.000000,0.000000,0,1000000,0,0,0.00,0,0,0,4096,142275641344,0,4501,4395,0,1.0000,0.000000,0.000000,0,-18284544,1,1000,4096,75,10,1,1
2025-11-23 00:05:42,15,0010111,0,0,1,0,1,1,1,15,0,0,1,0,1,1,1,3991,0,0.00,3272,81.98,0,0,40,2137,0,0,0.00,0,0,0.00,4096,4096,0,0,0.333328,0,0,0,0.000000,0.000000,0,1000000,0,0,0.00,0,0,0,4096,129965752320,0,4501,4395,0,1.0000,0.000000,0.000000,0,-65536,1,1000,4096,75,10,1,1
2025-11-23 00:05:48,77,0010010,0,0,1,0,0,1,0,17,0,0,1,0,0,1,0,3991,0,0.00,3272,81.98,0,0,48,2919,0,0,0.00,0,0,0.00,4096,4096,0,0,0.333328,0,0,0,0.000000,0.000000,0,1000000,0,0,0.00,0,0,0,4096,161575010304,0,4501,4395,0,1.0000,0.000000,0.000000,0,-11665408,1,1000,4096,75,10,1,1
2025-11-23 00:05:55,233,0000000,0,0,0,0,0,0,0,23,0,0,0,0,0,0,0,3991,0,0.00,3272,81.98,0,0,38,1898,0,0,0.00,0,0,0.00,4096,4096,0,0,0.333328,0,0,0,0.000000,0.000000,0,1000000,0,0,0.00,0,0,0,4096,124994256896,0,4501,4395,0,1.0000,0.000000,0.000000,0,-131072,1,1000,4096,75,10,1,1
2025-11-23 00:06:02,56,0100100,0,1,0,0,1,0,0,26,0,1,0,0,1,0,0,3991,0,0.00,3272,81.98,0,0,41,14749,0,0,0.00,0,0,0.00,4096,4096,1630,0,0.333328,0,0,0,0.000000,0.000000,0,1000000,0,0,0.00,0,0,0,4096,128031916032,0,4501,4395,0,1.0000,0.000000,0.000000,0,-2818048,1,1000,4096,75,10,1,1
2025-11-23 00:06:08,93,0110111,0,1,1,0,1,1,1,3,0,1,1,0,1,1,1,3991,0,0.00,3272,81.98,0,0,39,2012,0,0,0.00,0,0,0.00,4096,4096,1630,0,0.333328,0,0,0,0.000000,0.000000,0,1000000,0,0,0.00,0,0,0,4096,129396506624,0,4501,4395,0,1.0000,0.000000,0.000000,0,23855104,1,1000,4096,75,10,1,1
2025-11-23 00:06:15,28,0010111,0,0,1,0,1,1,1,28,0,0,1,0,1,1,1,3991,0,0.00,3272,81.98,0,0,45,2672,0,0,0.00,0,0,0.00,4096,4096,0,0,0.333328,0,0,0,0.000000,0.000000,0,1000000,0,0,0.00,0,0,0,4096,145116299264,0,4501,4395,0,1.0000,0.000000,0.000000,0,25231360,1,1000,4096,75,10,1,1
2025-11-23 00:06:22,31,0100100,0,1,0,0,1,0,0,1,0,1,0,0,1,0,0,3991,0,0.00,3272,81.98,0,0,44,2644,0,0,0.00,0,0,0.00,4096,4096,1630,0,0.333328,0,0,0,0.000000,0.000000,0,1000000,0,0,0.00,0,0,0,4096,140309889024,0,4501,4395,0,1.0000,0.000000,0.000000,0,-11862016,1,1000,4096,75,10,1,1
2025-11-23 00:06:28,94,0110111,0,1,1,0,1,1,1,4,0,1,1,0,1,1,1,3991,0,0.00,3272,81.98,0,0,39,2276,0,0,0.00,0,0,0.00,4096,4096,1630,0,0.333328,0,0,0,0.000000,0.000000,0,1000000,0,0,0.00,0,0,0,4096,124010692608,0,4501,4395,0,1.0000,0.000000,0.000000,0,589824,1,1000,4096,75,10,1,1
2025-11-23 00:06:35,172,1000101,1,0,0,0,1,0,1,22,1,0,0,0,1,0,1,3991,1327,33.25,1945,48.73,31,1166,55,4178,0,0,0.00,12,0,0.00,4096,4096,0,0,0.333328,812,5,22,0.074576,2.752542,0,1000000,0,0,0.00,0,0,0,4096,139145117696,0,4501,4395,0,1.0000,0.000000,0.000000,0,-1048576,1,1000,4096,75,10,1,1
2025-11-23 00:06:42,6,0010111,0,0,1,0,1,1,1,6,0,0,1,0,1,1,1,3991,0,0.00,3272,81.98,0,0,39,5972,0,0,0.00,0,0,0.00,4096,4096,0,0,0.333328,0,0,0,0.000000,0.000000,0,1000000,0,0,0.00,0,0,0,4096,127707447296,0,4501,4395,0,1.0000,0.000000,0.000000,0,12386304,1,1000,4096,75,10,1,1
