"config_bits","config_decimal","L1_heat_tracking","L2_rolling_window","L3_linear_decay","L4_pipelining_metrics","L5_window_inference","L6_decay_inference","L7_adaptive_heartrate","n_reps","mean_ns","sd_ns","se_ns","min_ns","max_ns","cv_pct","rank","is_best","is_worst","L1234","L567","speed_norm","stability_norm","optimality_score","steady_state_score","optimality_rank","optimality_percentile","is_top5pct"
"0010111",150,"0","0","1","0","1","1","1",30,30405971.9986373,3493279.18452095,637782.603008459,25554060.3705843,41122653.3339258,11.4887930064446,2,FALSE,FALSE,"0010","111",0.0126147387503198,0.0215509388666309,0.0249714757227538,0.0179764588201065,1,100,TRUE
"0100100",163,"0","1","0","0","1","0","0",30,31102184.8589499,3308399.21172568,604028.292498154,27108753.091313,39139872.6469673,10.63719229607,7,FALSE,FALSE,"0100","100",0.0350228638254087,0,0.0350228638254087,0.0140091455301635,2,99.21875,TRUE
"0010010",145,"0","0","1","0","0","1","0",30,31274913.4489225,3759644.60824574,686414.053379622,27011344.5509887,41969962.0315485,12.0212790177211,10,FALSE,FALSE,"0010","010",0.0405822610568995,0.0350262370158162,0.0536074359765367,0.0372486466322495,3,98.4375,TRUE
"0110111",182,"0","1","1","0","1","1","1",30,32061519.2020736,3642622.51552019,665048.840075541,27343654.7327261,41612957.5472117,11.3613534423054,23,FALSE,FALSE,"0110","111",0.0658997481448043,0.0183259036799573,0.0684004060750791,0.0373554414658961,4,97.65625,TRUE
"0100101",164,"0","1","0","0","1","0","1",30,30014036.3361031,4117983.23414843,751837.436257057,25538364.345701,41896053.8475894,13.720191406562,1,TRUE,FALSE,"0100","101",0,0.0780195748390902,0.0780195748390902,0.0468117449034541,5,96.875,TRUE
"1000101",196,"1","0","0","0","1","0","1",30,32362147.0983337,3896240.8182999,711352.995218415,27206278.1141968,46475813.1970673,12.0395003658472,27,FALSE,FALSE,"1000","101",0.0755756790051349,0.0354873535399695,0.0834927273381219,0.0515226837260357,6,96.09375,TRUE
"0000011",130,"0","0","0","0","0","1","1",30,31200840.2480041,4311155.15636311,787105.642681596,27177332.1981782,41169988.9340147,13.8174328707025,8,FALSE,FALSE,"0000","011",0.0381981603809299,0.0804804051595251,0.0890853246675823,0.063567507248087,7,95.3125,TRUE
"0110010",177,"0","1","1","0","0","1","0",30,31520366.468844,4331114.46453175,790749.697120316,26106522.5896467,42667022.7878249,13.7406856256345,12,FALSE,FALSE,"0110","010",0.0484823477746172,0.0785382095196024,0.0922972827351049,0.0665158648216083,8,94.53125,FALSE
"0100110",165,"0","1","0","0","1","1","0",30,31010978.0442272,4451158.74399871,812666.683708152,25728245.4778938,40964746.6642968,14.3534935842738,5,FALSE,FALSE,"0100","110",0.0320873051356593,0.0940461661156137,0.0993693942414591,0.069262621723632,9,93.75,FALSE
"0010101",148,"0","0","1","0","1","0","1",30,30868535.8903947,4521320.36031432,825476.383683847,25695542.9993335,42212478.7202844,14.6470191406817,4,FALSE,FALSE,"0010","101",0.0275026992184252,0.101474238033448,0.10513524360921,0.0718856225074388,10,92.96875,FALSE
"0000101",132,"0","0","0","0","1","0","1",30,31623443.8270607,4560489.92760316,832627.735541118,27094440.2968229,42080838.8678072,14.4212311364415,14,FALSE,FALSE,"0000","101",0.0517999686733358,0.0957603589620471,0.108872784033011,0.0781762028465625,11,92.1875,FALSE
"0110011",178,"0","1","1","0","0","1","1",30,32444917.6636896,4587844.1234678,837621.905580277,27181991.5005554,41201686.7504999,14.1404092037572,29,FALSE,FALSE,"0110","011",0.0782397107786891,0.0886537698881287,0.118241038806796,0.0844881462443528,12,91.40625,FALSE
"0000000",127,"0","0","0","0","0","0","0",30,31243915.9838258,4725168.91324702,862693.867269188,26648486.8180404,44027102.2723839,15.1234848912445,9,FALSE,FALSE,"0000","000",0.0395845847505691,0.113531865671998,0.120234869621253,0.0839529533034266,13,90.625,FALSE
"1000001",192,"1","0","0","0","0","0","1",30,32192437.8333704,4800117.42753361,876377.53124461,27279298.1186403,49440570.980671,14.9106987559602,25,FALSE,FALSE,"1000","001",0.0701134609788937,0.108147016954386,0.128886285874685,0.0929335945641889,14,89.84375,FALSE
"0110100",179,"0","1","1","0","1","0","0",30,31100674.9537732,4837831.52178225,883263.151296561,26089880.143968,42467546.4047989,15.5553907719784,6,FALSE,FALSE,"0110","100",0.0349742664122063,0.12446184390997,0.129282442352168,0.0886668129108646,15,89.0625,FALSE
"0000010",129,"0","0","0","0","0","1","0",30,32567472.8472191,4791526.66479384,874809.079731694,25988715.041102,41290635.7449456,14.7126142924012,30,FALSE,FALSE,"0000","010",0.0821842398698332,0.103134214460701,0.131874620285361,0.0947542246243539,16,88.28125,FALSE
"0100111",166,"0","1","0","0","1","1","1",30,32162131.9834703,4873092.37632212,889700.873106027,25941161.0362142,47024693.5774272,15.1516459755424,24,FALSE,FALSE,"0100","111",0.0691380448184371,0.114244521026473,0.133536061892975,0.0962019305432585,17,87.5,FALSE
"0110001",176,"0","1","1","0","0","0","1",30,31953546.6642968,5096942.42517599,930570.113524658,27103904.5047767,47128115.5298822,15.9511007611278,20,FALSE,FALSE,"0110","001",0.0624245722767645,0.13447583483457,0.148258481640652,0.105655329811448,18,86.71875,FALSE
"1110100",243,"1","1","1","0","1","0","0",30,33401487.0020588,5072987.92699239,926196.640521701,27836113.8733615,50586599.2019551,15.187910426502,33,FALSE,FALSE,"1110","100",0.109027601378054,0.11516224333006,0.158585497921669,0.112708386549258,19,85.9375,FALSE
"1100010",225,"1","1","0","0","0","1","0",30,33816062.5060505,4955033.41454801,904661.191446597,28797648.2808265,46145541.46012,14.6528987922868,36,FALSE,FALSE,"1100","010",0.122371020145619,0.101623030784268,0.159065731561704,0.109922226528809,20,85.15625,FALSE
"0110101",180,"0","1","1","0","1","0","1",30,32202715.9632082,5244869.97715346,957577.865889518,25312766.7487225,42943596.0648745,16.2870423201129,26,FALSE,FALSE,"0110","101",0.0704442701783106,0.142977302614303,0.159389159806484,0.113964089639906,21,84.375,FALSE
"1010010",209,"1","0","1","0","0","1","0",30,34611917.4597645,4702120.31903041,858485.788945447,27649130.2448345,44941461.2432793,13.585263874781,41,FALSE,FALSE,"1010","010",0.147986199584343,0.0746050462303016,0.16572817560826,0.103957507571918,22,83.59375,FALSE
"0010100",147,"0","0","1","0","1","0","0",30,31822086.3890987,5338228.98409902,974622.810572973,26765886.6776272,41660103.8631415,16.7752325187821,17,FALSE,FALSE,"0010","100",0.0581934262336959,0.155331633697683,0.165874625196285,0.116476350712088,23,82.8125,FALSE
"0100010",161,"0","1","0","0","0","1","0",30,31602420.6664593,5347254.9503301,976270.719008987,26261342.4714508,50440005.9009109,16.9203967213984,13,FALSE,FALSE,"0100","010",0.0511233227233928,0.1590052154809,0.167021713188458,0.115852458377897,24,82.03125,FALSE
"0100000",159,"0","1","0","0","0","0","0",30,31874963.6469525,5373834.15215822,981123.395142901,27032500.6958454,45951656.2399467,16.8591067637876,19,FALSE,FALSE,"0100","000",0.0598953198285428,0.15745418797057,0.168461481196252,0.118430640713759,25,81.25,FALSE
"1110101",244,"1","1","1","0","1","0","1",30,34644129.2555432,4916660.55273428,897655.297442794,27428788.9233504,45068456.3536992,14.1919010764215,42,FALSE,FALSE,"1110","101",0.149022960020481,0.0899568432491499,0.174069170908056,0.113583289957682,26,80.46875,FALSE
"0110110",181,"0","1","1","0","1","1","0",30,32018780.2949863,5478723.60807089,1000273.50215884,24737517.6289713,45440035.7182848,17.1109691174863,21,FALSE,FALSE,"0110","110",0.0645241648567346,0.163827914672816,0.176076555726486,0.124106414746383,27,79.6875,FALSE
"0100001",160,"0","1","0","0","0","0","1",30,32042680.0894616,5529379.63376666,1009521.98480788,26417822.2297267,49498462.8127083,17.2562957228574,22,FALSE,FALSE,"0100","001",0.0652933973923575,0.167505606283326,0.179781411384439,0.126620722726939,28,78.90625,FALSE
"1010000",207,"1","0","1","0","0","0","0",30,34183829.0081908,5351415.91644128,977030.404009024,28283639.8666963,46537767.3583648,15.6548171217421,38,FALSE,FALSE,"1010","000",0.134207856619292,0.126977965795949,0.184757009545028,0.129869922125286,29,78.125,FALSE
"1010001",208,"1","0","1","0","0","0","1",30,35201090.6134637,4910239.77916928,896483.029936733,28955336.5456565,45978432.6682959,13.9491126371273,50,FALSE,FALSE,"1010","001",0.1669491726513,0.0838127445547597,0.186806323230117,0.117067315793376,30,77.34375,FALSE
"1000011",194,"1","0","0","0","0","1","1",30,33147920.9718729,5814672.59164167,1061609.11431639,27471406.9797823,50234079.2961564,17.5415906070719,32,FALSE,FALSE,"1000","011",0.100866391433371,0.174725389608734,0.201749822043822,0.145181790338589,31,76.5625,FALSE
"0100011",162,"0","1","0","0","0","1","1",30,30619591.7910983,5787493.90516475,1056646.9877608,25985861.2183959,56472492.0506554,18.9012771452012,3,FALSE,FALSE,"0100","011",0.0194902495327986,0.209134146088184,0.210040379181919,0.13327658746603,32,75.78125,FALSE
"1100100",227,"1","1","0","0","1","0","0",30,35063183.999289,5812292.00317435,1061174.48031516,28473579.2401689,51405879.2837147,16.5766235128339,46,FALSE,FALSE,"1100","100",0.162510546427533,0.15030555693024,0.221362684624769,0.155187552729157,33,75,FALSE
"0000001",128,"0","0","0","0","0","0","1",30,33019476.6242761,6303340.92005795,1150827.33652037,25815156.0275494,47693507.3130415,19.0897662969731,31,FALSE,FALSE,"0000","001",0.0967323152474673,0.213904125889014,0.234759698171297,0.167035401632395,34,74.21875,FALSE
"1000111",198,"1","0","0","0","1","1","1",30,34893718.3770125,6212772.87309283,1134291.94908304,28796978.5061098,57832775.3796934,17.8048461501475,44,FALSE,FALSE,"1000","111",0.157056170221102,0.181387436793534,0.239933413327631,0.171654930164561,35,73.4375,FALSE
"1110011",242,"1","1","1","0","0","1","1",30,36388605.5543213,5754304.36044178,1050587.43365477,29202381.4938902,46985366.1532993,15.813478622729,58,FALSE,FALSE,"1110","011",0.205170218024304,0.130993115462456,0.243421475352322,0.160663956487195,36,72.65625,FALSE
"1110000",239,"1","1","1","0","0","0","0",30,33800420.8396949,6472821.41714494,1181770.10029095,27398110.3292602,58819688.4247945,19.1501207864942,35,FALSE,FALSE,"1110","000",0.121867581562307,0.215431480079954,0.247512484625089,0.178005920672895,37,71.875,FALSE
"0000110",133,"0","0","0","0","1","1","0",30,31496384.1658891,6382286.8170537,1165240.81938939,25509913.4805599,52148426.479449,20.2635540112753,11,FALSE,FALSE,"0000","110",0.0477104596426445,0.243608454414297,0.248236514279095,0.165249256505636,38,71.09375,FALSE
"0010011",146,"0","0","1","0","0","1","1",30,32385198.0261572,6547650.43121685,1195431.94661197,27099871.2961564,58079907.6898467,20.2180342572813,28,FALSE,FALSE,"0010","011",0.0763175901406643,0.242456513811621,0.25418405861612,0.176000944343238,39,70.3125,FALSE
"0010001",144,"0","0","1","0","0","0","1",30,33747463.5000815,6697387.41048287,1222770.05369086,27011985.2050655,49634587.2437236,19.8456023530974,34,FALSE,FALSE,"0010","001",0.120163110476885,0.233031607160803,0.262188678350967,0.187884208487236,40,69.53125,FALSE
"1010110",213,"1","0","1","0","1","1","0",30,35998394.8043546,6401073.2077622,1168670.72937777,29308278.7007332,56008804.1021995,17.7815517679357,56,FALSE,FALSE,"1010","110",0.192610996858851,0.180797940095297,0.264172086439243,0.185523162800719,41,68.75,FALSE
"1100110",229,"1","1","0","0","1","1","0",30,34148492.0824113,6937379.0976873,1266586.34058939,27581817.8858032,53170269.7320595,20.3153307060973,37,FALSE,FALSE,"1100","110",0.133070511566114,0.244918735595642,0.278734547722803,0.200179445983831,42,67.96875,FALSE
"1100001",224,"1","1","0","0","0","0","1",30,37183456.3313042,6475832.21262392,1182319.79382424,29678693.2397245,58262639.7049545,17.4158963462792,62,FALSE,FALSE,"1100","001",0.230753077293334,0.171544521747506,0.287531747154856,0.195227943965837,43,67.1875,FALSE
"1010100",211,"1","0","1","0","1","0","0",30,35849395.6531141,6952420.35932595,1269332.486687,29228808.4745612,58215755.4747834,19.393410217006,55,FALSE,FALSE,"1010","100",0.187815349137579,0.221588257052991,0.290475405216093,0.208079093886826,44,66.40625,FALSE
"1110010",241,"1","1","1","0","0","1","0",30,35513812.7968007,7109830.88191889,1298071.58469128,26613221.7231726,62384986.6038658,20.0199030236466,54,FALSE,FALSE,"1110","010",0.177014367073055,0.237442527736204,0.296163873772667,0.213271263470944,45,65.625,FALSE
"0010000",143,"0","0","1","0","0","0","0",30,31633604.503651,7033217.78026937,1284084.01003332,26676792.0799822,63711213.3445901,22.2333745730988,15,FALSE,FALSE,"0010","000",0.0521269975532429,0.293457499851821,0.298051217231531,0.19692529893239,46,64.84375,FALSE
"0110000",175,"0","1","1","0","0","0","0",30,31850130.0506258,7185837.7655008,1311948.4795791,27115625.5623195,58876488.2328371,22.5614079254273,18,FALSE,FALSE,"0110","000",0.0590960321907015,0.301758839477454,0.307491037631122,0.204693716562753,47,64.0625,FALSE
"1000110",197,"1","0","0","0","1","1","0",30,35219013.8819522,7445555.14330261,1359366.16837848,28761160.1190846,64405187.3130415,21.1407257689235,51,FALSE,FALSE,"1000","110",0.167526046284264,0.265806504150889,0.314194324952813,0.226494321004239,48,63.28125,FALSE
"1000100",195,"1","0","0","0","1","0","0",30,37042175.605658,7477031.96430709,1365113.02334605,28032314.1844035,61111235.2561653,20.1851857836477,61,FALSE,FALSE,"1000","100",0.226205852800013,0.241625237559127,0.330986167787244,0.235457483655481,49,62.5,FALSE
"1010011",210,"1","0","1","0","0","1","1",30,36244098.2617789,7755281.82296993,1415914.26475014,29242407.8133748,63525423.6622973,21.3973645225111,57,FALSE,FALSE,"1010","011",0.200519144092548,0.272301104286839,0.338165371591238,0.243588320209123,50,61.71875,FALSE
"1010101",212,"1","0","1","0","1","0","1",30,36964968.053203,7985344.8301979,1457917.83098555,28972386.6802933,61609795.1708509,21.6024664723225,60,FALSE,FALSE,"1010","101",0.223720870705059,0.277491494017571,0.356444325584142,0.255983244692566,51,60.9375,FALSE
"1110001",240,"1","1","1","0","0","0","1",30,34974285.9659631,8135475.19087259,1485327.75935485,29116446.4856699,70402189.9631193,23.2613046018724,45,FALSE,FALSE,"1110","001",0.159649297572115,0.319470697045528,0.357140622844875,0.255542137256163,52,60.15625,FALSE
"1000010",193,"1","0","0","0","0","1","0",30,35296283.5584389,8174912.99621141,1492528.08455571,26948443.9688958,59804956.1537436,23.1608321671501,53,FALSE,FALSE,"1000","010",0.170013027887058,0.316928102526637,0.359649623692921,0.258162072670805,53,59.375,FALSE
"1100011",226,"1","1","0","0","0","1","1",30,35246392.6222025,8409975.91519598,1535444.50560933,28527539.7858254,69419572.2123972,23.8605295167096,52,FALSE,FALSE,"1100","011",0.16840725125892,0.334634915851005,0.374621848245927,0.268143850014171,54,58.59375,FALSE
"1000000",191,"1","0","0","0","0","0","0",30,35171213.3223136,8667795.7971569,1582515.76065044,27915598.6598534,72640897.3934681,24.6445742935397,48,FALSE,FALSE,"1000","000",0.165987549970708,0.354476257982735,0.391414466031496,0.279080774777924,55,57.8125,FALSE
"0000111",134,"0","0","0","0","1","1","1",30,34486997.1949345,8648006.94139247,1578902.82642064,25997888.0426572,66874617.5729838,25.0761378049543,39,FALSE,FALSE,"0000","111",0.143965548604888,0.365397572089522,0.392735871641519,0.276824762695668,56,57.03125,FALSE
"0010110",149,"0","0","1","0","1","1","0",30,34538063.6343331,9250245.68862916,1688856.0753757,26928117.7622751,73171358.969118,26.7827570953741,40,FALSE,FALSE,"0010","110",0.145609159670433,0.40858594376229,0.43375626891153,0.303395230125547,57,56.25,FALSE
"0011100",155,"0","0","1","1","1","0","0",30,44012520.5973191,5257771.35384518,959933.32423516,36598936.6558543,59870695.9982226,11.9460809844311,65,FALSE,FALSE,"0011","100",0.450551554083883,0.0331232463318262,0.451767475959659,0.200094569432649,58,55.46875,FALSE
"0000100",131,"0","0","0","0","1","0","0",30,31691589.0363919,9209882.08333933,1681486.72300254,25139557.1828483,77029945.6725172,29.0609665320457,16,FALSE,FALSE,"0000","100",0.0539932725621458,0.46623919803623,0.469355156856125,0.301340827846596,59,54.6875,FALSE
"1110111",246,"1","1","1","0","1","1","1",30,35183006.210768,9916412.89260941,1810481.01027241,28006789.9435681,73186530.8224839,28.1852347499925,49,FALSE,FALSE,"1110","111",0.166367112794877,0.444077588882225,0.474218221040856,0.332993398447286,60,53.90625,FALSE
"1100111",230,"1","1","0","0","1","1","1",30,34779577.6023698,9907391.88317282,1808834.00681911,28419575.0135525,78777460.7100644,28.4862340665625,43,FALSE,FALSE,"1100","111",0.153382465094178,0.451694794682164,0.477026590601959,0.332369862846969,61,53.125,FALSE
"1110110",245,"1","1","1","0","1","1","0",30,36819329.4238021,10242748.4061285,1870061.45096223,28839844.0879804,80665599.317485,27.8189433822416,59,FALSE,FALSE,"1110","110",0.219033383861,0.434808077035174,0.486861055230983,0.348498199765505,62,52.34375,FALSE
"0011110",157,"0","0","1","1","1","1","0",30,45438949.0330741,7284404.37564208,1329944.19817617,39658584.0444346,68244991.2037325,16.0311902688152,66,FALSE,FALSE,"0011","110",0.496462206732146,0.136502611072545,0.514886089871318,0.280486449336385,63,51.5625,FALSE
"1011100",219,"1","0","1","1","1","0","0",30,46030622.1937051,5665364.79704344,1034349.36527879,40124092.0328816,62073526.8002666,12.3078171161853,68,FALSE,FALSE,"1011","100",0.515505644368504,0.0422774816046658,0.51723636262991,0.231568746710201,64,50.78125,FALSE
"0011111",158,"0","0","1","1","1","1","1",30,45797479.9242835,6772543.23827825,1236491.56776136,37348050.5558765,61913727.2890469,14.7880259994114,67,FALSE,FALSE,"0011","111",0.50800178824734,0.105042612454979,0.518748269677945,0.266226282771923,65,50,FALSE
"0001111",142,"0","0","0","1","1","1","1",30,46479458.1304895,6682301.51571965,1220015.75873687,40141200.408798,68163788.299489,14.3768920389719,70,FALSE,FALSE,"0001","111",0.529951760467459,0.0946382965126768,0.538335653277191,0.26876368209459,66,49.21875,FALSE
"0101111",174,"0","1","0","1","1","1","1",30,47014924.0880989,6131421.46930309,1119439.28276959,41109286.9602311,64357778.911353,13.0414364975124,74,FALSE,FALSE,"0101","111",0.547186127764521,0.0608427390612991,0.550558350508292,0.255380094542588,67,48.4375,FALSE
"1100000",223,"1","1","0","0","0","0","0",30,35079114.9306673,11036902.6708791,2015053.51927651,27973111.9235725,89363148.1857365,31.4628880822484,47,FALSE,FALSE,"1100","000",0.163023295219225,0.527023159181699,0.551661132488046,0.381423213596709,68,47.65625,FALSE
"0111001",184,"0","1","1","1","0","0","1",30,46941149.3737392,8086751.83699742,1476432.13268994,38777073.1552988,76132054.4234615,17.2274261386567,72,FALSE,FALSE,"0111","001",0.544811634098876,0.166775021354689,0.569766289277757,0.317989666452364,69,46.875,FALSE
"1011101",220,"1","0","1","1","1","0","1",30,47432041.8239502,7042814.72458839,1285836.16432887,38561784.26483,62300391.1450789,14.8482216952174,76,FALSE,FALSE,"1011","101",0.560611370141971,0.10656594815039,0.570649988730088,0.288184116947022,70,46.09375,FALSE
"0111011",186,"0","1","1","1","0","1","1",30,47904293.1819003,6547608.29645337,1195424.25389183,41073614.1764052,64935852.7331704,13.6681033401141,78,FALSE,FALSE,"0111","011",0.575811128863859,0.0767014139662478,0.580897205216115,0.276345299925292,71,45.3125,FALSE
"0001101",140,"0","0","0","1","1","0","1",30,46568098.9314967,9426468.76599403,1721029.86025094,38682474.7567207,86024816.273717,20.242331085623,71,FALSE,FALSE,"0001","101",0.532804730110727,0.243071378801593,0.585631774770523,0.358964719325247,72,44.53125,FALSE
"0001110",141,"0","0","0","1","1","1","0",30,47390608.4922165,8889183.54518374,1622935.44850029,36626280.9366807,71459371.1121973,18.75726821833,75,FALSE,FALSE,"0001","110",0.559277807760849,0.205489800162399,0.595833638043845,0.347005003201779,73,43.75,FALSE
"0101010",169,"0","1","0","1","0","1","0",30,48183959.0709028,7402906.27598175,1351579.58615059,40497331.2739391,67037532.9926683,15.3638397896868,79,FALSE,FALSE,"0101","010",0.584812382039777,0.119614380234894,0.596919694888698,0.305693580956847,74,42.96875,FALSE
"0001100",139,"0","0","0","1","1","0","0",30,46984750.2517663,9479929.62589313,1730790.43322106,37510922.2946012,84417691.8409242,20.1766095916127,73,FALSE,FALSE,"0001","100",0.546214960558224,0.241408205107177,0.597183978879784,0.363330907287595,75,42.1875,FALSE
"1001100",203,"1","0","0","1","1","0","0",30,47842229.8182034,8262233.51345771,1508470.55689865,41174458.9522328,80016092.5660964,17.2697500615116,77,FALSE,FALSE,"1001","100",0.573813573668344,0.167846087011318,0.597858115484808,0.330233081674128,76,41.40625,FALSE
"0101001",168,"0","1","0","1","0","0","1",30,48390262.7879434,6954900.69138702,1269785.33129365,39080917.9115752,62695223.340591,14.3725210211503,82,FALSE,FALSE,"0101","001",0.591452419531799,0.0945276818352672,0.598958635636192,0.29329757691388,77,40.625,FALSE
"0101110",173,"0","1","0","1","1","1","0",30,48354816.6597645,7732832.28090653,1411815.55788554,39136494.6527438,65200501.1081982,15.9918552381586,81,FALSE,FALSE,"0101","110",0.590311559718746,0.135507183484626,0.605664869637917,0.317428933978274,78,39.84375,FALSE
"1001101",204,"1","0","0","1","1","0","1",30,48716748.3563652,7191767.20447063,1313031.04207148,39536350.1586314,64246174.059098,14.7624122034224,83,FALSE,FALSE,"1001","101",0.601960598667019,0.104394419769397,0.610945789106157,0.303420891328446,79,39.0625,FALSE
"0101100",171,"0","1","0","1","1","0","0",30,48922273.0962897,7491445.33968615,1367744.53362102,38496408.4283493,65788155.6205288,15.3129543366502,84,FALSE,FALSE,"0101","100",0.608575564205267,0.11832665316488,0.619972107595947,0.314426217581035,80,38.28125,FALSE
"0111101",188,"0","1","1","1","1","0","1",30,48972713.4419314,7687629.01932392,1403562.60920501,39380831.3814708,66983907.3343701,15.6977804148822,85,FALSE,FALSE,"0111","101",0.610199023980863,0.128065211605744,0.623493021044199,0.320918736555792,81,37.5,FALSE
"1111000",247,"1","1","1","1","0","0","0",30,49174680.1250093,7031469.15824747,1283764.75679133,42247802.0564319,66319432.5740946,14.2989626782979,87,FALSE,FALSE,"1111","000",0.616699470831812,0.0926661857953638,0.623622689864712,0.302279499809943,82,36.71875,FALSE
"1101001",232,"1","1","0","1","0","0","1",30,49360434.3771903,6149696.82309381,1122775.89060878,44061537.4290158,66740415.1041991,12.4587575062662,89,FALSE,FALSE,"1101","001",0.62267810862117,0.0460972378349163,0.624382080373906,0.276729586149418,83,35.9375,FALSE
"0101000",167,"0","1","0","1","0","0","0",30,49104006.7587943,7430181.36062261,1356559.31252248,41305676.5554321,65136013.4512331,15.1315174688711,86,FALSE,FALSE,"0101","000",0.614424796346612,0.113735141206252,0.624862795108479,0.314011003262396,84,35.15625,FALSE
"1101101",236,"1","1","0","1","1","0","1",30,49473246.2799674,7117414.99852917,1299456.24860668,40265530.980671,67432408.8691402,14.3863917040171,90,FALSE,FALSE,"1101","101",0.626309043025706,0.0948786987318708,0.633454800951756,0.307450836449405,85,34.375,FALSE
"1111011",250,"1","1","1","1","0","1","1",30,48232007.6413241,10175133.5782008,1857716.72880295,41512855.3477005,93190270.0377694,21.0962265014302,80,FALSE,FALSE,"1111","011",0.586358860763537,0.264680388376587,0.643329170477365,0.393351777331367,86,33.59375,FALSE
"1101011",234,"1","1","0","1","0","1","1",30,49925631.0520625,6760637.47477134,1234317.88268234,42342415.0153299,64637395.2952677,13.5414161670212,93,FALSE,FALSE,"1101","011",0.640869381010015,0.0734954190800868,0.645069872294403,0.300445003852058,87,32.8125,FALSE
"0111010",185,"0","1","1","1","0","1","0",30,49839750.4023698,8596626.12597279,1569522.01587785,40736819.4161297,75759892.6460786,17.2485336635314,92,FALSE,FALSE,"0111","010",0.638105248875226,0.167309176590423,0.659674669222246,0.355627605504344,88,32.03125,FALSE
"1001111",206,"1","0","0","1","1","1","1",30,49279762.4392802,10514567.2532695,1919688.55567362,41249764.9269051,96820288.8389247,21.3364812101621,88,FALSE,FALSE,"1001","111",0.620081622721832,0.270760367499696,0.67661835287399,0.41048886958855,89,31.25,FALSE
"0001010",137,"0","0","0","1","0","1","0",30,50722552.7918833,8047046.56409616,1469182.97481664,43835037.0922017,79896596.0204399,15.8648295899332,97,FALSE,FALSE,"0001","010",0.666518895747426,0.132292623015088,0.679520990472392,0.345983132108024,90,30.46875,FALSE
"1101000",231,"1","1","0","1","0","0","0",30,50850554.5057543,7931742.14333333,1448131.36407268,41319887.4276827,72648832.7678294,15.5981428726323,98,FALSE,FALSE,"1101","000",0.670638725439971,0.125543745200549,0.682288452209715,0.343581737296318,91,29.6875,FALSE
"0101011",170,"0","1","0","1","0","1","1",30,50591703.0794342,9212891.28564324,1682036.12566319,41615330.8793601,79948605.483226,18.2102809845679,95,FALSE,FALSE,"0101","011",0.662307401117347,0.191647528435722,0.689477968270441,0.379911477508372,92,28.90625,FALSE
"0111111",190,"0","1","1","1","1","1","1",30,50487956.4318448,9474313.73108467,1729765.11579867,37033270.9993335,67355006.2083981,18.7654926058937,94,FALSE,FALSE,"0111","111",0.658968238645885,0.205697929713539,0.690326573320552,0.387006053286477,93,28.125,FALSE
"1101111",238,"1","1","0","1","1","1","1",30,50612674.3082278,9902151.90247429,1807877.32160929,40428096.9526772,89982456.8335925,19.5645696217727,96,FALSE,FALSE,"1101","111",0.662982375603705,0.225919683534485,0.70041797076421,0.400744760362173,94,27.34375,FALSE
"0111000",183,"0","1","1","1","0","0","0",30,51051070.0102792,9982602.36533986,1822565.49936702,40787358.286603,75411449.62986,19.5541491360119,101,FALSE,FALSE,"0111","000",0.677092465037473,0.225655978668044,0.713704999925847,0.406230573215816,95,26.5625,FALSE
"0011101",156,"0","0","1","1","1","0","1",30,46227684.9610309,13938165.6671767,2544749.2487189,37889082.9237947,116391324.466563,30.1511219498149,69,FALSE,FALSE,"0011","101",0.521848255069342,0.493827095130793,0.718464196188115,0.505035559106213,96,25.78125,FALSE
"1111101",252,"1","1","1","1","1","0","1",30,50989844.8356661,10464429.9548228,1910534.77922973,42954123.1761831,82571472.394579,20.5225765807845,100,FALSE,FALSE,"1111","101",0.675121887576641,0.250163380323311,0.719980055237527,0.420146783224643,97,25,FALSE
"0011010",153,"0","0","1","1","0","1","0",30,51987038.437325,8519588.94373617,1555457.01505197,41389835.2046212,69511637.1153077,16.3879097556351,108,FALSE,FALSE,"0011","010",0.707217300091745,0.145529893177101,0.722035497297186,0.370204855942959,98,24.21875,FALSE
"0001000",135,"0","0","0","1","0","0","0",30,51579722.7088499,9652468.12517664,1762291.50925295,42395079.6925128,78924403.4587869,18.7136875079022,105,FALSE,FALSE,"0001","000",0.694107542560657,0.204386929750535,0.72357397527305,0.400275174874584,99,23.4375,FALSE
"1011010",217,"1","0","1","1","0","1","0",30,51540752.4979042,10012088.2931196,1827948.868625,40285260.2141746,72584490.7140635,19.4255764766467,103,FALSE,FALSE,"1011","010",0.692853257541155,0.222402268932785,0.727673282257801,0.410582664376133,100,22.65625,FALSE
"0001011",138,"0","0","0","1","0","1","1",30,52433368.0577057,8169851.60800568,1491604.00572486,42628641.7844923,67617805.4227949,15.5813977065412,109,FALSE,FALSE,"0001","011",0.721582748546283,0.12511998551324,0.732350103280147,0.363705090726458,101,21.875,FALSE
"1101010",233,"1","1","0","1","0","1","0",30,51763533.1583204,10464030.212766,1910461.79664916,41376381.4690069,81972970.4439014,20.2150617902402,107,FALSE,FALSE,"1101","010",0.700023617624243,0.242381291404328,0.740798053220014,0.425438221892294,102,21.09375,FALSE
"0111110",189,"0","1","1","1","1","1","0",30,51297538.3698437,11240650.5323613,2052252.61920225,41311733.6485225,93169390.5389913,21.9126509566965,102,FALSE,FALSE,"0111","110",0.685025231211449,0.285341143247176,0.742077580463056,0.445214778432885,103,20.3125,FALSE
"0101101",172,"0","1","0","1","1","0","1",30,49831194.7583796,12834929.0129375,2343326.71478779,40450607.2072873,107807943.066874,25.7568157359485,91,FALSE,FALSE,"0101","101",0.637829879154901,0.382623072608738,0.743792558738865,0.484705795227203,104,19.53125,FALSE
"1100101",228,"1","1","0","0","1","0","1",30,38147937.7475228,14961302.2082446,2731547.56970248,27888283.4996667,91441881.3810264,39.2191638438337,64,FALSE,FALSE,"1100","101",0.261795623961496,0.723306490952448,0.769226383179446,0.538702144156067,105,18.75,FALSE
"1011000",215,"1","0","1","1","0","0","0",30,53849326.1673998,8773621.97367663,1601836.88866856,47635295.1539658,85270387.8569207,16.2929094904592,114,FALSE,FALSE,"1011","000",0.76715640601775,0.143125779509536,0.780393452083168,0.392738030112822,106,17.96875,FALSE
"0011011",154,"0","0","1","1","0","1","1",30,52855719.2578834,12465893.6258867,2275950.37945268,42141104.0319929,105662348.882471,23.5847582833289,111,FALSE,FALSE,"0011","011",0.73517643383809,0.327656141738487,0.804886908882138,0.490664258578328,107,17.1875,FALSE
"0111100",187,"0","1","1","1","1","0","0",30,51579095.6444049,14211594.5385053,2594670.30228552,39224438.9851144,111178089.277938,27.5530122445001,104,FALSE,FALSE,"0111","100",0.694087360028398,0.428078320210897,0.815480417659293,0.534481936137898,108,16.40625,FALSE
"1001011",202,"1","0","0","1","0","1","1",30,55163242.6429682,8127475.59726859,1483867.24006559,44873974.1604088,77835582.7345034,14.7334986267429,117,FALSE,FALSE,"1001","011",0.809445778135266,0.103662721549981,0.816056632581438,0.385975944184095,109,15.625,FALSE
"1001000",199,"1","0","0","1","0","0","0",30,55476862.2273569,7519596.62991738,1372884.23251519,46283879.0597645,75088632.7767163,13.5544735733257,118,FALSE,FALSE,"1001","000",0.819539856072614,0.0738258548836234,0.822858330784114,0.37211145535922,110,14.84375,FALSE
"0001001",136,"0","0","0","1","0","0","1",30,54157603.5704066,11580641.9466455,2114326.27485609,42396433.8022662,93903696.5936459,21.3832244840566,115,FALSE,FALSE,"0001","001",0.777078541902022,0.271943270972949,0.823288651028325,0.473997379344578,111,14.0625,FALSE
"1101110",237,"1","1","0","1","1","1","0",30,52472805.6549211,13787787.7847778,2517294.12927233,42589809.4112419,117457154.445679,26.2760635965436,110,FALSE,FALSE,"1101","110",0.722852076738049,0.395763360966873,0.824101791484709,0.526598847275344,112,13.28125,FALSE
"1111110",253,"1","1","1","1","1","1","0",30,51645857.137999,15101993.1146784,2757234.09739902,39651012.6780715,119122228.951788,29.2414415241972,106,FALSE,FALSE,"1111","110",0.696236128004305,0.470806368396036,0.840478067804682,0.560978272239343,113,12.5,FALSE
"1001001",200,"1","0","0","1","0","0","1",30,56384058.9768792,8424148.8794948,1538032.12302706,45334138.5114419,74923970.1186403,14.9406570444834,121,FALSE,FALSE,"1001","001",0.848738653437381,0.108905153058135,0.855697162669898,0.404838553209833,114,11.71875,FALSE
"1011001",216,"1","0","1","1","0","0","1",30,56048998.3507072,10744054.3504119,1961586.97559403,45828272.0888691,93026116.9908909,19.1690389954601,120,FALSE,FALSE,"1011","001",0.837954479735636,0.215910231635609,0.865323603187827,0.46472793087562,115,10.9375,FALSE
"0011000",151,"0","0","1","1","0","0","0",30,54658801.8150633,13518754.8451574,2468175.65935832,43735342.5816485,108680339.195734,24.7329879108908,116,FALSE,FALSE,"0011","000",0.793209977550369,0.356713687378107,0.869727959334609,0.531312203447012,116,10.15625,FALSE
"1101100",235,"1","1","0","1","1","0","0",30,53260036.5311412,15408770.9475915,2813243.81047537,43064228.3154854,111586753.777383,28.9312061184598,113,FALSE,FALSE,"1101","100",0.748189683873593,0.462955430530602,0.879838356581845,0.577049131867798,117,9.375,FALSE
"1011110",221,"1","0","1","1","1","1","0",30,57407195.1858994,8615657.30878612,1572996.61858547,48601838.3114863,75187701.1935126,15.0079746639535,122,FALSE,FALSE,"1011","110",0.881669047929499,0.110608718924359,0.888580102623842,0.419032850526415,118,8.59375,FALSE
"1011011",218,"1","0","1","1","0","1","1",30,53096220.3129971,16417634.8869392,2997436.32282012,41485976.9971118,127120693.179293,30.9205340609158,112,FALSE,FALSE,"1011","011",0.742917137911351,0.513298137331177,0.902995488133827,0.605145737563247,119,7.8125,FALSE
"1001110",205,"1","0","0","1","1","1","0",30,50958609.5520107,17562242.9950415,3206412.21625711,41330749.4263497,131047757.067318,34.4637405718786,99,FALSE,FALSE,"1001","110",0.674116556904361,0.602963899676563,0.904432748525704,0.631424962567682,120,7.03125,FALSE
"1111010",249,"1","1","1","1","0","1","0",30,57919124.8716878,8823040.3539302,1610859.40920864,50113476.1661853,81371702.0324372,15.2333799474293,123,FALSE,FALSE,"1111","010",0.898145882936033,0.116312912715209,0.905646023951545,0.429046100803538,121,6.25,FALSE
"0011001",152,"0","0","1","1","0","0","1",30,56042644.2270903,16057572.9191557,2931698.30220189,45352892.2035103,129036292.5501,28.6524184228154,119,FALSE,FALSE,"0011","001",0.837749967574387,0.455900320650575,0.953766276684274,0.6086401794201,122,5.46875,FALSE
"1111100",251,"1","1","1","1","1","0","0",30,58958675.9000518,11056841.4646163,2018693.82830961,47221636.4647856,101641036.043546,18.7535444034736,126,FALSE,FALSE,"1111","100",0.931604600511377,0.205395563855004,0.953978233161154,0.495879178517553,123,4.6875,FALSE
"1111111",254,"1","1","1","1","1","1","1",30,58752460.5156187,11971326.6830096,2185655.22251595,48418538.4439014,106541151.5521,20.3758729046371,125,FALSE,FALSE,"1111","111",0.924967406069565,0.246450840024031,0.957237023333098,0.517857466442245,124,3.90625,FALSE
"1011111",222,"1","0","1","1","1","1","1",30,58524517.7364438,14635065.0754224,2671985.0907883,47009041.2335037,120014019.426794,25.0067247735884,124,FALSE,FALSE,"1011","111",0.917630899381907,0.363640978914704,0.98705685198295,0.585236947101585,125,3.125,FALSE
"1111001",248,"1","1","1","1","0","0","1",30,61083697.8084278,11330953.7738581,2068739.65999679,46795455.9004666,92903140.5287714,18.5498818512831,128,FALSE,TRUE,"1111","001",1,0.200241600080419,1.01985131190913,0.520144960048251,126,2.34375,FALSE
"1010111",214,"1","0","1","0","1","1","1",30,37577536.2436199,18846226.0818649,3440834.38295987,26910645.3783604,133646978.019107,50.1529050752088,63,FALSE,FALSE,"1010","111",0.24343683030644,1,1.02920429961677,0.697374732122576,127,1.5625,FALSE
"1001010",201,"1","0","0","1","0","1","0",30,60312859.4257276,14745694.3115021,2692183.1334951,45748466.9753388,109338392.854921,24.4486738846476,127,FALSE,FALSE,"1001","010",0.975189997374552,0.349518726026093,1.03593381585036,0.599787234565477,128,0.78125,FALSE
