run_id,L1_heat_tracking,L2_rolling_window,L3_linear_decay,L4_pipelining_metrics,L5_window_inference,L6_decay_inference,L7_adaptive_heartrate,replicate
1031,0,1,0,0,0,1,0,11
1119,0,1,0,0,1,0,1,9
421,0,0,0,1,1,1,0,1
2687,1,0,1,1,0,0,1,17
1753,0,1,1,1,0,1,0,13
1680,0,1,1,0,1,1,1,30
3835,1,1,1,1,1,1,1,25
2349,1,0,0,1,1,1,0,9
2640,1,0,1,0,1,1,1,30
3763,1,1,1,1,1,0,1,13
3408,1,1,1,0,0,0,1,18
2056,1,0,0,0,1,0,0,16
2206,1,0,0,1,0,0,1,16
1920,0,1,1,1,1,1,1,30
825,0,0,1,1,0,1,1,15
3597,1,1,1,0,1,1,1,27
3662,1,1,1,1,0,1,0,2
2524,1,0,1,0,1,0,0,4
896,0,0,1,1,1,0,1,26
2012,1,0,0,0,0,1,1,2
3474,1,1,1,0,0,1,1,24
630,0,0,1,0,1,0,0,30
1220,0,1,0,1,0,0,0,20
2299,1,0,0,1,1,0,0,19
3808,1,1,1,1,1,1,0,28
2548,1,0,1,0,1,0,0,28
2159,1,0,0,0,1,1,1,29
3628,1,1,1,1,0,0,0,28
1296,0,1,0,1,0,1,1,6
1528,0,1,1,0,0,1,0,28
1264,0,1,0,1,0,1,0,4
1104,0,1,0,0,1,0,0,24
808,0,0,1,1,0,1,0,28
388,0,0,0,1,1,0,0,28
2762,1,0,1,1,1,0,0,2
1964,1,0,0,0,0,0,1,14
3696,1,1,1,1,0,1,1,6
1311,0,1,0,1,0,1,1,21
873,0,0,1,1,1,0,1,3
1877,0,1,1,1,1,1,0,17
3507,1,1,1,0,1,0,0,27
2398,1,0,0,1,1,1,1,28
253,0,0,0,1,0,0,0,13
2049,1,0,0,0,1,0,0,9
572,0,0,1,0,0,1,1,2
490,0,0,1,0,0,0,0,10
2646,1,0,1,1,0,0,0,6
505,0,0,1,0,0,0,0,25
161,0,0,0,0,1,0,1,11
1882,0,1,1,1,1,1,0,22
2295,1,0,0,1,1,0,0,15
2853,1,0,1,1,1,1,1,3
1226,0,1,0,1,0,0,0,26
1862,0,1,1,1,1,1,0,2
1860,0,1,1,1,1,0,1,30
2776,1,0,1,1,1,0,0,16
1203,0,1,0,1,0,0,0,3
2611,1,0,1,0,1,1,1,1
539,0,0,1,0,0,0,1,29
1383,0,1,0,1,1,1,0,3
1942,1,0,0,0,0,0,0,22
1151,0,1,0,0,1,1,0,11
2989,1,1,0,0,0,1,1,19
598,0,0,1,0,0,1,1,28
992,0,1,0,0,0,0,1,2
1103,0,1,0,0,1,0,0,23
413,0,0,0,1,1,0,1,23
1970,1,0,0,0,0,0,1,20
1293,0,1,0,1,0,1,1,3
437,0,0,0,1,1,1,0,17
815,0,0,1,1,0,1,1,5
1738,0,1,1,1,0,0,1,28
1968,1,0,0,0,0,0,1,18
1917,0,1,1,1,1,1,1,27
2123,1,0,0,0,1,1,0,23
2380,1,0,0,1,1,1,1,10
2863,1,0,1,1,1,1,1,13
2085,1,0,0,0,1,0,1,15
1060,0,1,0,0,0,1,1,10
3186,1,1,0,1,0,1,0,6
688,0,0,1,0,1,1,0,28
2119,1,0,0,0,1,1,0,19
2756,1,0,1,1,0,1,1,26
3143,1,1,0,1,0,0,0,23
2842,1,0,1,1,1,1,0,22
1719,0,1,1,1,0,0,1,9
3211,1,1,0,1,0,1,1,1
2233,1,0,0,1,0,1,0,13
3122,1,1,0,1,0,0,0,2
192,0,0,0,0,1,1,0,12
1053,0,1,0,0,0,1,1,3
1121,0,1,0,0,1,0,1,11
1776,0,1,1,1,0,1,1,6
3194,1,1,0,1,0,1,0,14
2467,1,0,1,0,0,1,0,7
2357,1,0,0,1,1,1,0,17
570,0,0,1,0,0,1,0,30
3106,1,1,0,0,1,1,1,16
2900,1,1,0,0,0,0,0,20
1038,0,1,0,0,0,1,0,18
2175,1,0,0,1,0,0,0,15
105,0,0,0,0,0,1,1,15
407,0,0,0,1,1,0,1,17
3611,1,1,1,1,0,0,0,11
2750,1,0,1,1,0,1,1,20
1734,0,1,1,1,0,0,1,24
2377,1,0,0,1,1,1,1,7
2241,1,0,0,1,0,1,0,21
91,0,0,0,0,0,1,1,1
2369,1,0,0,1,1,1,0,29
1280,0,1,0,1,0,1,0,20
2394,1,0,0,1,1,1,1,24
2748,1,0,1,1,0,1,1,18
1070,0,1,0,0,0,1,1,20
1989,1,0,0,0,0,1,0,9
1371,0,1,0,1,1,0,1,21
2032,1,0,0,0,0,1,1,22
2330,1,0,0,1,1,0,1,20
2648,1,0,1,1,0,0,0,8
2889,1,1,0,0,0,0,0,9
3087,1,1,0,0,1,1,0,27
2636,1,0,1,0,1,1,1,26
1092,0,1,0,0,1,0,0,12
3216,1,1,0,1,0,1,1,6
2591,1,0,1,0,1,1,0,11
2183,1,0,0,1,0,0,0,23
1978,1,0,0,0,0,0,1,28
1466,0,1,1,0,0,0,0,26
2754,1,0,1,1,0,1,1,24
1841,0,1,1,1,1,0,1,11
2534,1,0,1,0,1,0,0,14
157,0,0,0,0,1,0,1,7
670,0,0,1,0,1,1,0,10
832,0,0,1,1,0,1,1,22
216,0,0,0,0,1,1,1,6
2643,1,0,1,1,0,0,0,3
3568,1,1,1,0,1,1,0,28
3782,1,1,1,1,1,1,0,2
2518,1,0,1,0,0,1,1,28
1281,0,1,0,1,0,1,0,21
1429,0,1,0,1,1,1,1,19
3750,1,1,1,1,1,0,0,30
2483,1,0,1,0,0,1,0,23
2280,1,0,0,1,0,1,1,30
620,0,0,1,0,1,0,0,20
3660,1,1,1,1,0,0,1,30
945,0,0,1,1,1,1,1,15
877,0,0,1,1,1,0,1,7
3794,1,1,1,1,1,1,0,14
3674,1,1,1,1,0,1,0,14
343,0,0,0,1,0,1,1,13
2473,1,0,1,0,0,1,0,13
1225,0,1,0,1,0,0,0,25
201,0,0,0,0,1,1,0,21
3179,1,1,0,1,0,0,1,29
2499,1,0,1,0,0,1,1,9
3740,1,1,1,1,1,0,0,20
516,0,0,1,0,0,0,1,6
2436,1,0,1,0,0,0,1,6
1758,0,1,1,1,0,1,0,18
1403,0,1,0,1,1,1,0,23
3007,1,1,0,0,1,0,0,7
3825,1,1,1,1,1,1,1,15
1532,0,1,1,0,0,1,1,2
2073,1,0,0,0,1,0,1,3
288,0,0,0,1,0,0,1,18
1347,0,1,0,1,1,0,0,27
2663,1,0,1,1,0,0,0,23
3613,1,1,1,1,0,0,0,13
2819,1,0,1,1,1,0,1,29
2200,1,0,0,1,0,0,1,10
3379,1,1,1,0,0,0,0,19
845,0,0,1,1,1,0,0,5
2767,1,0,1,1,1,0,0,7
2188,1,0,0,1,0,0,0,28
546,0,0,1,0,0,1,0,6
891,0,0,1,1,1,0,1,21
3670,1,1,1,1,0,1,0,10
1030,0,1,0,0,0,1,0,10
2422,1,0,1,0,0,0,0,22
41,0,0,0,0,0,0,1,11
1951,1,0,0,0,0,0,1,1
1332,0,1,0,1,1,0,0,12
793,0,0,1,1,0,1,0,13
2604,1,0,1,0,1,1,0,24
3001,1,1,0,0,1,0,0,1
2504,1,0,1,0,0,1,1,14
1523,0,1,1,0,0,1,0,23
1525,0,1,1,0,0,1,0,25
1634,0,1,1,0,1,1,0,14
223,0,0,0,0,1,1,1,13
418,0,0,0,1,1,0,1,28
3031,1,1,0,0,1,0,1,1
3275,1,1,0,1,1,0,1,5
2952,1,1,0,0,0,1,0,12
1751,0,1,1,1,0,1,0,11
3703,1,1,1,1,0,1,1,13
2860,1,0,1,1,1,1,1,10
2362,1,0,0,1,1,1,0,22
3157,1,1,0,1,0,0,1,7
1187,0,1,0,0,1,1,1,17
1214,0,1,0,1,0,0,0,14
2027,1,0,0,0,0,1,1,17
194,0,0,0,0,1,1,0,14
1243,0,1,0,1,0,0,1,13
3225,1,1,0,1,0,1,1,15
151,0,0,0,0,1,0,1,1
1670,0,1,1,0,1,1,1,20
3082,1,1,0,0,1,1,0,22
3527,1,1,1,0,1,0,1,17
2861,1,0,1,1,1,1,1,11
2870,1,0,1,1,1,1,1,20
1289,0,1,0,1,0,1,0,29
1042,0,1,0,0,0,1,0,22
1609,0,1,1,0,1,0,1,19
2117,1,0,0,0,1,1,0,17
933,0,0,1,1,1,1,1,3
1056,0,1,0,0,0,1,1,6
3546,1,1,1,0,1,1,0,6
916,0,0,1,1,1,1,0,16
2757,1,0,1,1,0,1,1,27
864,0,0,1,1,1,0,0,24
1360,0,1,0,1,1,0,1,10
2228,1,0,0,1,0,1,0,8
2084,1,0,0,0,1,0,1,14
1397,0,1,0,1,1,1,0,17
2882,1,1,0,0,0,0,0,2
3077,1,1,0,0,1,1,0,17
1212,0,1,0,1,0,0,0,12
3734,1,1,1,1,1,0,0,14
2222,1,0,0,1,0,1,0,2
1470,0,1,1,0,0,0,0,30
3252,1,1,0,1,1,0,0,12
1461,0,1,1,0,0,0,0,21
265,0,0,0,1,0,0,0,25
2129,1,0,0,0,1,1,0,29
1527,0,1,1,0,0,1,0,27
186,0,0,0,0,1,1,0,6
524,0,0,1,0,0,0,1,14
2503,1,0,1,0,0,1,1,13
3246,1,1,0,1,1,0,0,6
3362,1,1,1,0,0,0,0,2
2735,1,0,1,1,0,1,1,5
1449,0,1,1,0,0,0,0,9
1542,0,1,1,0,0,1,1,12
2562,1,0,1,0,1,0,1,12
1949,1,0,0,0,0,0,0,29
556,0,0,1,0,0,1,0,16
2047,1,0,0,0,1,0,0,7
1623,0,1,1,0,1,1,0,3
432,0,0,0,1,1,1,0,12
2553,1,0,1,0,1,0,1,3
988,0,1,0,0,0,0,0,28
410,0,0,0,1,1,0,1,20
941,0,0,1,1,1,1,1,11
2922,1,1,0,0,0,0,1,12
419,0,0,0,1,1,0,1,29
2699,1,0,1,1,0,0,1,29
1238,0,1,0,1,0,0,1,8
2508,1,0,1,0,0,1,1,18
3537,1,1,1,0,1,0,1,27
1468,0,1,1,0,0,0,0,28
2308,1,0,0,1,1,0,0,28
2742,1,0,1,1,0,1,1,12
422,0,0,0,1,1,1,0,2
1955,1,0,0,0,0,0,1,5
3195,1,1,0,1,0,1,0,15
2741,1,0,1,1,0,1,1,11
2981,1,1,0,0,0,1,1,11
1579,0,1,1,0,1,0,0,19
1479,0,1,1,0,0,0,1,9
1353,0,1,0,1,1,0,1,3
3329,1,1,0,1,1,1,0,29
1438,0,1,0,1,1,1,1,28
481,0,0,1,0,0,0,0,1
314,0,0,0,1,0,1,0,14
645,0,0,1,0,1,0,1,15
2899,1,1,0,0,0,0,0,19
1716,0,1,1,1,0,0,1,6
1233,0,1,0,1,0,0,1,3
3383,1,1,1,0,0,0,0,23
198,0,0,0,0,1,1,0,18
1908,0,1,1,1,1,1,1,18
3000,1,1,0,0,0,1,1,30
3693,1,1,1,1,0,1,1,3
1504,0,1,1,0,0,1,0,4
981,0,1,0,0,0,0,0,21
3147,1,1,0,1,0,0,0,27
960,0,0,1,1,1,1,1,30
461,0,0,0,1,1,1,1,11
2260,1,0,0,1,0,1,1,10
2327,1,0,0,1,1,0,1,17
2251,1,0,0,1,0,1,1,1
2992,1,1,0,0,0,1,1,22
2065,1,0,0,0,1,0,0,25
2785,1,0,1,1,1,0,0,25
2235,1,0,0,1,0,1,0,15
1,0,0,0,0,0,0,0,1
1095,0,1,0,0,1,0,0,15
1635,0,1,1,0,1,1,0,15
2100,1,0,0,0,1,0,1,30
1617,0,1,1,0,1,0,1,27
3447,1,1,1,0,0,1,0,27
3081,1,1,0,0,1,1,0,21
1330,0,1,0,1,1,0,0,10
2958,1,1,0,0,0,1,0,18
335,0,0,0,1,0,1,1,5
2109,1,0,0,0,1,1,0,9
3260,1,1,0,1,1,0,0,20
2731,1,0,1,1,0,1,1,1
3627,1,1,1,1,0,0,0,27
3661,1,1,1,1,0,1,0,1
1768,0,1,1,1,0,1,0,28
148,0,0,0,0,1,0,0,28
3278,1,1,0,1,1,0,1,8
1692,0,1,1,1,0,0,0,12
3233,1,1,0,1,0,1,1,23
1283,0,1,0,1,0,1,0,23
802,0,0,1,1,0,1,0,22
181,0,0,0,0,1,1,0,1
1437,0,1,0,1,1,1,1,27
2619,1,0,1,0,1,1,1,9
533,0,0,1,0,0,0,1,23
1355,0,1,0,1,1,0,1,5
1763,0,1,1,1,0,1,0,23
1829,0,1,1,1,1,0,0,29
2865,1,0,1,1,1,1,1,15
2667,1,0,1,1,0,0,0,27
2513,1,0,1,0,0,1,1,23
2962,1,1,0,0,0,1,0,22
3595,1,1,1,0,1,1,1,25
3569,1,1,1,0,1,1,0,29
176,0,0,0,0,1,0,1,26
3055,1,1,0,0,1,0,1,25
2846,1,0,1,1,1,1,0,26
2943,1,1,0,0,0,1,0,3
721,0,0,1,1,0,0,0,1
2893,1,1,0,0,0,0,0,13
78,0,0,0,0,0,1,0,18
609,0,0,1,0,1,0,0,9
1779,0,1,1,1,0,1,1,9
3731,1,1,1,1,1,0,0,11
1080,0,1,0,0,0,1,1,30
3732,1,1,1,1,1,0,0,12
1137,0,1,0,0,1,0,1,27
466,0,0,0,1,1,1,1,16
2030,1,0,0,0,0,1,1,20
671,0,0,1,0,1,1,0,11
3295,1,1,0,1,1,0,1,25
2304,1,0,0,1,1,0,0,24
3577,1,1,1,0,1,1,1,7
911,0,0,1,1,1,1,0,11
3249,1,1,0,1,1,0,0,9
2560,1,0,1,0,1,0,1,10
282,0,0,0,1,0,0,1,12
3508,1,1,1,0,1,0,0,28
1657,0,1,1,0,1,1,1,7
962,0,1,0,0,0,0,0,2
3036,1,1,0,0,1,0,1,6
2573,1,0,1,0,1,0,1,23
1848,0,1,1,1,1,0,1,18
3231,1,1,0,1,0,1,1,21
278,0,0,0,1,0,0,1,8
871,0,0,1,1,1,0,1,1
2492,1,0,1,0,0,1,1,2
3267,1,1,0,1,1,0,0,27
1324,0,1,0,1,1,0,0,4
2440,1,0,1,0,0,0,1,10
3374,1,1,1,0,0,0,0,14
957,0,0,1,1,1,1,1,27
2655,1,0,1,1,0,0,0,15
3778,1,1,1,1,1,0,1,28
226,0,0,0,0,1,1,1,16
1036,0,1,0,0,0,1,0,16
1558,0,1,1,0,0,1,1,28
3784,1,1,1,1,1,1,0,4
542,0,0,1,0,0,1,0,2
15,0,0,0,0,0,0,0,15
3681,1,1,1,1,0,1,0,21
2433,1,0,1,0,0,0,1,3
608,0,0,1,0,1,0,0,8
2244,1,0,0,1,0,1,0,24
3124,1,1,0,1,0,0,0,4
12,0,0,0,0,0,0,0,12
2969,1,1,0,0,0,1,0,29
3073,1,1,0,0,1,1,0,13
1495,0,1,1,0,0,0,1,25
3213,1,1,0,1,0,1,1,3
2565,1,0,1,0,1,0,1,15
3495,1,1,1,0,1,0,0,15
930,0,0,1,1,1,1,0,30
2352,1,0,0,1,1,1,0,12
1174,0,1,0,0,1,1,1,4
1248,0,1,0,1,0,0,1,18
484,0,0,1,0,0,0,0,4
2947,1,1,0,0,0,1,0,7
1863,0,1,1,1,1,1,0,3
276,0,0,0,1,0,0,1,6
3519,1,1,1,0,1,0,1,9
85,0,0,0,0,0,1,0,25
2231,1,0,0,1,0,1,0,11
395,0,0,0,1,1,0,1,5
1134,0,1,0,0,1,0,1,24
3268,1,1,0,1,1,0,0,28
1869,0,1,1,1,1,1,0,9
1684,0,1,1,1,0,0,0,4
3101,1,1,0,0,1,1,1,11
942,0,0,1,1,1,1,1,12
555,0,0,1,0,0,1,0,15
2784,1,0,1,1,1,0,0,24
1735,0,1,1,1,0,0,1,25
3721,1,1,1,1,1,0,0,1
2127,1,0,0,0,1,1,0,27
1494,0,1,1,0,0,0,1,24
2072,1,0,0,0,1,0,1,2
2068,1,0,0,0,1,0,0,28
655,0,0,1,0,1,0,1,25
1010,0,1,0,0,0,0,1,20
2970,1,1,0,0,0,1,0,30
2627,1,0,1,0,1,1,1,17
2739,1,0,1,1,0,1,1,9
968,0,1,0,0,0,0,0,8
2582,1,0,1,0,1,1,0,2
1701,0,1,1,1,0,0,0,21
440,0,0,0,1,1,1,0,20
2421,1,0,1,0,0,0,0,21
3008,1,1,0,0,1,0,0,8
2430,1,0,1,0,0,0,0,30
199,0,0,0,0,1,1,0,19
2728,1,0,1,1,0,1,0,28
3360,1,1,0,1,1,1,1,30
568,0,0,1,0,0,1,0,28
735,0,0,1,1,0,0,0,15
2516,1,0,1,0,0,1,1,26
1476,0,1,1,0,0,0,1,6
1054,0,1,0,0,0,1,1,4
318,0,0,0,1,0,1,0,18
242,0,0,0,1,0,0,0,2
1922,1,0,0,0,0,0,0,2
2540,1,0,1,0,1,0,0,20
2995,1,1,0,0,0,1,1,25
3719,1,1,1,1,0,1,1,29
2223,1,0,0,1,0,1,0,3
2465,1,0,1,0,0,1,0,5
1596,0,1,1,0,1,0,1,6
2054,1,0,0,0,1,0,0,14
678,0,0,1,0,1,1,0,18
2442,1,0,1,0,0,0,1,12
75,0,0,0,0,0,1,0,15
160,0,0,0,0,1,0,1,10
1433,0,1,0,1,1,1,1,23
1890,0,1,1,1,1,1,0,30
187,0,0,0,0,1,1,0,7
1365,0,1,0,1,1,0,1,15
2507,1,0,1,0,0,1,1,17
3365,1,1,1,0,0,0,0,5
371,0,0,0,1,1,0,0,11
3500,1,1,1,0,1,0,0,20
1244,0,1,0,1,0,0,1,14
1363,0,1,0,1,1,0,1,13
869,0,0,1,1,1,0,0,29
52,0,0,0,0,0,0,1,22
3826,1,1,1,1,1,1,1,16
1004,0,1,0,0,0,0,1,14
1442,0,1,1,0,0,0,0,2
626,0,0,1,0,1,0,0,26
3754,1,1,1,1,1,0,1,4
1774,0,1,1,1,0,1,1,4
374,0,0,0,1,1,0,0,14
874,0,0,1,1,1,0,1,4
3427,1,1,1,0,0,1,0,7
1806,0,1,1,1,1,0,0,6
3780,1,1,1,1,1,0,1,30
3199,1,1,0,1,0,1,0,19
1700,0,1,1,1,0,0,0,20
2597,1,0,1,0,1,1,0,17
3149,1,1,0,1,0,0,0,29
695,0,0,1,0,1,1,1,5
2879,1,0,1,1,1,1,1,29
425,0,0,0,1,1,1,0,5
1765,0,1,1,1,0,1,0,25
50,0,0,0,0,0,0,1,20
2535,1,0,1,0,1,0,0,15
811,0,0,1,1,0,1,1,1
2746,1,0,1,1,0,1,1,16
989,0,1,0,0,0,0,0,29
1242,0,1,0,1,0,0,1,12
3634,1,1,1,1,0,0,1,4
3729,1,1,1,1,1,0,0,9
2293,1,0,0,1,1,0,0,13
1228,0,1,0,1,0,0,0,28
3542,1,1,1,0,1,1,0,2
3746,1,1,1,1,1,0,0,26
3730,1,1,1,1,1,0,0,10
357,0,0,0,1,0,1,1,27
3388,1,1,1,0,0,0,0,28
1061,0,1,0,0,0,1,1,11
2120,1,0,0,0,1,1,0,20
3679,1,1,1,1,0,1,0,19
1789,0,1,1,1,0,1,1,19
1899,0,1,1,1,1,1,1,9
3694,1,1,1,1,0,1,1,4
1786,0,1,1,1,0,1,1,16
2955,1,1,0,0,0,1,0,15
1066,0,1,0,0,0,1,1,16
3114,1,1,0,0,1,1,1,24
233,0,0,0,0,1,1,1,23
3643,1,1,1,1,0,0,1,13
1510,0,1,1,0,0,1,0,10
1706,0,1,1,1,0,0,0,26
3742,1,1,1,1,1,0,0,22
1374,0,1,0,1,1,0,1,24
714,0,0,1,0,1,1,1,24
3308,1,1,0,1,1,1,0,8
1583,0,1,1,0,1,0,0,23
2810,1,0,1,1,1,0,1,20
3265,1,1,0,1,1,0,0,25
2569,1,0,1,0,1,0,1,19
1938,1,0,0,0,0,0,0,18
818,0,0,1,1,0,1,1,8
1674,0,1,1,0,1,1,1,24
2292,1,0,0,1,1,0,0,12
881,0,0,1,1,1,0,1,11
455,0,0,0,1,1,1,1,5
3484,1,1,1,0,1,0,0,4
1791,0,1,1,1,0,1,1,21
1117,0,1,0,0,1,0,1,7
644,0,0,1,0,1,0,1,14
718,0,0,1,0,1,1,1,28
3129,1,1,0,1,0,0,0,9
412,0,0,0,1,1,0,1,22
464,0,0,0,1,1,1,1,14
1135,0,1,0,0,1,0,1,25
3745,1,1,1,1,1,0,0,25
1928,1,0,0,0,0,0,0,8
3726,1,1,1,1,1,0,0,6
3454,1,1,1,0,0,1,1,4
3657,1,1,1,1,0,0,1,27
2190,1,0,0,1,0,0,0,30
3232,1,1,0,1,0,1,1,22
2855,1,0,1,1,1,1,1,5
629,0,0,1,0,1,0,0,29
3398,1,1,1,0,0,0,1,8
1994,1,0,0,0,0,1,0,14
1148,0,1,0,0,1,1,0,8
742,0,0,1,1,0,0,0,22
3639,1,1,1,1,0,0,1,9
3829,1,1,1,1,1,1,1,19
1984,1,0,0,0,0,1,0,4
1235,0,1,0,1,0,0,1,5
7,0,0,0,0,0,0,0,7
580,0,0,1,0,0,1,1,10
2041,1,0,0,0,1,0,0,1
824,0,0,1,1,0,1,1,14
118,0,0,0,0,0,1,1,28
2948,1,1,0,0,0,1,0,8
2153,1,0,0,0,1,1,1,23
2536,1,0,1,0,1,0,0,16
790,0,0,1,1,0,1,0,10
2813,1,0,1,1,1,0,1,23
1452,0,1,1,0,0,0,0,12
1990,1,0,0,0,0,1,0,10
2747,1,0,1,1,0,1,1,17
2858,1,0,1,1,1,1,1,8
364,0,0,0,1,1,0,0,4
221,0,0,0,0,1,1,1,11
1688,0,1,1,1,0,0,0,8
2568,1,0,1,0,1,0,1,18
573,0,0,1,0,0,1,1,3
2598,1,0,1,0,1,1,0,18
653,0,0,1,0,1,0,1,23
2765,1,0,1,1,1,0,0,5
1883,0,1,1,1,1,1,0,23
1817,0,1,1,1,1,0,0,17
1150,0,1,0,0,1,1,0,10
360,0,0,0,1,0,1,1,30
956,0,0,1,1,1,1,1,26
3429,1,1,1,0,0,1,0,9
2470,1,0,1,0,0,1,0,10
180,0,0,0,0,1,0,1,30
1627,0,1,1,0,1,1,0,7
1163,0,1,0,0,1,1,0,23
3591,1,1,1,0,1,1,1,21
3753,1,1,1,1,1,0,1,3
3294,1,1,0,1,1,0,1,24
3391,1,1,1,0,0,0,1,1
892,0,0,1,1,1,0,1,22
1819,0,1,1,1,1,0,0,19
2176,1,0,0,1,0,0,0,16
2271,1,0,0,1,0,1,1,21
1335,0,1,0,1,1,0,0,15
1444,0,1,1,0,0,0,0,4
2476,1,0,1,0,0,1,0,16
3803,1,1,1,1,1,1,0,23
258,0,0,0,1,0,0,0,18
1381,0,1,0,1,1,1,0,1
1093,0,1,0,0,1,0,0,13
2689,1,0,1,1,0,0,1,19
563,0,0,1,0,0,1,0,23
659,0,0,1,0,1,0,1,29
313,0,0,0,1,0,1,0,13
1925,1,0,0,0,0,0,0,5
1974,1,0,0,0,0,0,1,24
1782,0,1,1,1,0,1,1,12
2806,1,0,1,1,1,0,1,16
3130,1,1,0,1,0,0,0,10
680,0,0,1,0,1,1,0,20
2136,1,0,0,0,1,1,1,6
867,0,0,1,1,1,0,0,27
826,0,0,1,1,0,1,1,16
2794,1,0,1,1,1,0,1,4
1387,0,1,0,1,1,1,0,7
2264,1,0,0,1,0,1,1,14
479,0,0,0,1,1,1,1,29
946,0,0,1,1,1,1,1,16
789,0,0,1,1,0,1,0,9
605,0,0,1,0,1,0,0,5
834,0,0,1,1,0,1,1,24
415,0,0,0,1,1,0,1,25
3184,1,1,0,1,0,1,0,4
621,0,0,1,0,1,0,0,21
1569,0,1,1,0,1,0,0,9
3545,1,1,1,0,1,1,0,5
254,0,0,0,1,0,0,0,14
1661,0,1,1,0,1,1,1,11
3735,1,1,1,1,1,0,0,15
3354,1,1,0,1,1,1,1,24
2060,1,0,0,0,1,0,0,20
2732,1,0,1,1,0,1,1,2
1276,0,1,0,1,0,1,0,16
1541,0,1,1,0,0,1,1,11
1122,0,1,0,0,1,0,1,12
3352,1,1,0,1,1,1,1,22
1605,0,1,1,0,1,0,1,15
2014,1,0,0,0,0,1,1,4
2801,1,0,1,1,1,0,1,11
2035,1,0,0,0,0,1,1,25
641,0,0,1,0,1,0,1,11
1464,0,1,1,0,0,0,0,24
2270,1,0,0,1,0,1,1,20
3654,1,1,1,1,0,0,1,24
11,0,0,0,0,0,0,0,11
2538,1,0,1,0,1,0,0,18
1512,0,1,1,0,0,1,0,12
3424,1,1,1,0,0,1,0,4
3096,1,1,0,0,1,1,1,6
1309,0,1,0,1,0,1,1,19
2236,1,0,0,1,0,1,0,16
1905,0,1,1,1,1,1,1,15
2615,1,0,1,0,1,1,1,5
2941,1,1,0,0,0,1,0,1
3548,1,1,1,0,1,1,0,8
337,0,0,0,1,0,1,1,7
2960,1,1,0,0,0,1,0,20
2083,1,0,0,0,1,0,1,13
163,0,0,0,0,1,0,1,13
1075,0,1,0,0,0,1,1,25
1263,0,1,0,1,0,1,0,3
2945,1,1,0,0,0,1,0,5
1229,0,1,0,1,0,0,0,29
39,0,0,0,0,0,0,1,9
866,0,0,1,1,1,0,0,26
3505,1,1,1,0,1,0,0,25
2135,1,0,0,0,1,1,1,5
152,0,0,0,0,1,0,1,2
3074,1,1,0,0,1,1,0,14
1379,0,1,0,1,1,0,1,29
1308,0,1,0,1,0,1,1,18
2583,1,0,1,0,1,1,0,3
2287,1,0,0,1,1,0,0,7
1519,0,1,1,0,0,1,0,19
2451,1,0,1,0,0,0,1,21
2939,1,1,0,0,0,0,1,29
3821,1,1,1,1,1,1,1,11
3503,1,1,1,0,1,0,0,23
917,0,0,1,1,1,1,0,17
341,0,0,0,1,0,1,1,11
2098,1,0,0,0,1,0,1,28
593,0,0,1,0,0,1,1,23
81,0,0,0,0,0,1,0,21
1404,0,1,0,1,1,1,0,24
2895,1,1,0,0,0,0,0,15
2844,1,0,1,1,1,1,0,24
3226,1,1,0,1,0,1,1,16
2951,1,1,0,0,0,1,0,11
792,0,0,1,1,0,1,0,12
47,0,0,0,0,0,0,1,17
2133,1,0,0,0,1,1,1,3
2935,1,1,0,0,0,0,1,25
698,0,0,1,0,1,1,1,8
1845,0,1,1,1,1,0,1,15
3022,1,1,0,0,1,0,0,22
1005,0,1,0,0,0,0,1,15
1133,0,1,0,0,1,0,1,23
2458,1,0,1,0,0,0,1,28
2831,1,0,1,1,1,1,0,11
1926,1,0,0,0,0,0,0,6
3830,1,1,1,1,1,1,1,20
998,0,1,0,0,0,0,1,8
2550,1,0,1,0,1,0,0,30
1155,0,1,0,0,1,1,0,15
3390,1,1,1,0,0,0,0,30
843,0,0,1,1,1,0,0,3
1725,0,1,1,1,0,0,1,15
1131,0,1,0,0,1,0,1,21
196,0,0,0,0,1,1,0,16
681,0,0,1,0,1,1,0,21
243,0,0,0,1,0,0,0,3
560,0,0,1,0,0,1,0,20
1858,0,1,1,1,1,0,1,28
2628,1,0,1,0,1,1,1,18
589,0,0,1,0,0,1,1,19
234,0,0,0,0,1,1,1,24
3235,1,1,0,1,0,1,1,25
3304,1,1,0,1,1,1,0,4
830,0,0,1,1,0,1,1,20
3334,1,1,0,1,1,1,1,4
3516,1,1,1,0,1,0,1,6
3254,1,1,0,1,1,0,0,14
716,0,0,1,0,1,1,1,26
3399,1,1,1,0,0,0,1,9
2910,1,1,0,0,0,0,0,30
3217,1,1,0,1,0,1,1,7
3728,1,1,1,1,1,0,0,8
3221,1,1,0,1,0,1,1,11
2660,1,0,1,1,0,0,0,20
1632,0,1,1,0,1,1,0,12
658,0,0,1,0,1,0,1,28
293,0,0,0,1,0,0,1,23
3370,1,1,1,0,0,0,0,10
1916,0,1,1,1,1,1,1,26
1594,0,1,1,0,1,0,1,4
3086,1,1,0,0,1,1,0,26
2337,1,0,0,1,1,0,1,27
3701,1,1,1,1,0,1,1,11
133,0,0,0,0,1,0,0,13
361,0,0,0,1,1,0,0,1
2055,1,0,0,0,1,0,0,15
2593,1,0,1,0,1,1,0,13
284,0,0,0,1,0,0,1,14
3034,1,1,0,0,1,0,1,4
3083,1,1,0,0,1,1,0,23
1136,0,1,0,0,1,0,1,26
3470,1,1,1,0,0,1,1,20
2852,1,0,1,1,1,1,1,2
1343,0,1,0,1,1,0,0,23
1259,0,1,0,1,0,0,1,29
3752,1,1,1,1,1,0,1,2
855,0,0,1,1,1,0,0,15
612,0,0,1,0,1,0,0,12
2709,1,0,1,1,0,1,0,9
2940,1,1,0,0,0,0,1,30
1498,0,1,1,0,0,0,1,28
2310,1,0,0,1,1,0,0,30
3795,1,1,1,1,1,1,0,15
2796,1,0,1,1,1,0,1,6
1761,0,1,1,1,0,1,0,21
1315,0,1,0,1,0,1,1,25
2284,1,0,0,1,1,0,0,4
940,0,0,1,1,1,1,1,10
82,0,0,0,0,0,1,0,22
1386,0,1,0,1,1,1,0,6
2104,1,0,0,0,1,1,0,4
352,0,0,0,1,0,1,1,22
2459,1,0,1,0,0,0,1,29
1369,0,1,0,1,1,0,1,19
2168,1,0,0,1,0,0,0,8
2804,1,0,1,1,1,0,1,14
158,0,0,0,0,1,0,1,8
2531,1,0,1,0,1,0,0,11
2957,1,1,0,0,0,1,0,17
1671,0,1,1,0,1,1,1,21
3760,1,1,1,1,1,0,1,10
106,0,0,0,0,0,1,1,16
3687,1,1,1,1,0,1,0,27
507,0,0,1,0,0,0,0,27
1501,0,1,1,0,0,1,0,1
1366,0,1,0,1,1,0,1,16
3125,1,1,0,1,0,0,0,5
1251,0,1,0,1,0,0,1,21
2651,1,0,1,1,0,0,0,11
356,0,0,0,1,0,1,1,26
333,0,0,0,1,0,1,1,3
1129,0,1,0,0,1,0,1,19
3185,1,1,0,1,0,1,0,5
312,0,0,0,1,0,1,0,12
2541,1,0,1,0,1,0,0,21
1581,0,1,1,0,1,0,0,21
509,0,0,1,0,0,0,0,29
1754,0,1,1,1,0,1,0,14
3785,1,1,1,1,1,1,0,5
2452,1,0,1,0,0,0,1,22
1149,0,1,0,0,1,1,0,9
3300,1,1,0,1,1,0,1,30
2079,1,0,0,0,1,0,1,9
2154,1,0,0,0,1,1,1,24
260,0,0,0,1,0,0,0,20
1107,0,1,0,0,1,0,0,27
3655,1,1,1,1,0,0,1,25
3159,1,1,0,1,0,0,1,9
2162,1,0,0,1,0,0,0,2
2067,1,0,0,0,1,0,0,27
195,0,0,0,0,1,1,0,15
1508,0,1,1,0,0,1,0,8
3219,1,1,0,1,0,1,1,9
1247,0,1,0,1,0,0,1,17
2811,1,0,1,1,1,0,1,21
3110,1,1,0,0,1,1,1,20
1219,0,1,0,1,0,0,0,19
1589,0,1,1,0,1,0,0,29
2319,1,0,0,1,1,0,1,9
1314,0,1,0,1,0,1,1,24
3415,1,1,1,0,0,0,1,25
3441,1,1,1,0,0,1,0,21
1708,0,1,1,1,0,0,0,28
2160,1,0,0,0,1,1,1,30
1893,0,1,1,1,1,1,1,3
2435,1,0,1,0,0,0,1,5
2105,1,0,0,0,1,1,0,5
794,0,0,1,1,0,1,0,14
2192,1,0,0,1,0,0,1,2
1966,1,0,0,0,0,0,1,16
2698,1,0,1,1,0,0,1,28
405,0,0,0,1,1,0,1,15
908,0,0,1,1,1,1,0,8
2506,1,0,1,0,0,1,1,16
3092,1,1,0,0,1,1,1,2
1524,0,1,1,0,0,1,0,24
1681,0,1,1,1,0,0,0,1
547,0,0,1,0,0,1,0,7
2498,1,0,1,0,0,1,1,8
2547,1,0,1,0,1,0,0,27
2917,1,1,0,0,0,0,1,7
786,0,0,1,1,0,1,0,6
3162,1,1,0,1,0,0,1,12
1904,0,1,1,1,1,1,1,14
2727,1,0,1,1,0,1,0,27
1876,0,1,1,1,1,1,0,16
30,0,0,0,0,0,0,0,30
128,0,0,0,0,1,0,0,8
3003,1,1,0,0,1,0,0,3
2944,1,1,0,0,0,1,0,4
3018,1,1,0,0,1,0,0,18
1025,0,1,0,0,0,1,0,5
1144,0,1,0,0,1,1,0,4
2376,1,0,0,1,1,1,1,6
528,0,0,1,0,0,0,1,18
249,0,0,0,1,0,0,0,9
668,0,0,1,0,1,1,0,8
2549,1,0,1,0,1,0,0,29
103,0,0,0,0,0,1,1,13
2743,1,0,1,1,0,1,1,13
1611,0,1,1,0,1,0,1,21
385,0,0,0,1,1,0,0,25
1812,0,1,1,1,1,0,0,12
1320,0,1,0,1,0,1,1,30
2320,1,0,0,1,1,0,1,10
2046,1,0,0,0,1,0,0,6
10,0,0,0,0,0,0,0,10
378,0,0,0,1,1,0,0,18
177,0,0,0,0,1,0,1,27
1915,0,1,1,1,1,1,1,25
1711,0,1,1,1,0,0,1,1
1717,0,1,1,1,0,0,1,7
269,0,0,0,1,0,0,0,29
3411,1,1,1,0,0,0,1,21
429,0,0,0,1,1,1,0,9
1790,0,1,1,1,0,1,1,20
888,0,0,1,1,1,0,1,18
137,0,0,0,0,1,0,0,17
822,0,0,1,1,0,1,1,12
756,0,0,1,1,0,0,1,6
207,0,0,0,0,1,1,0,27
2150,1,0,0,0,1,1,1,20
3091,1,1,0,0,1,1,1,1
1859,0,1,1,1,1,0,1,29
1222,0,1,0,1,0,0,0,22
3607,1,1,1,1,0,0,0,7
2184,1,0,0,1,0,0,0,24
212,0,0,0,0,1,1,1,2
1052,0,1,0,0,0,1,1,2
2733,1,0,1,1,0,1,1,3
1346,0,1,0,1,1,0,0,26
1186,0,1,0,0,1,1,1,16
3253,1,1,0,1,1,0,0,13
523,0,0,1,0,0,0,1,13
3023,1,1,0,0,1,0,0,23
2391,1,0,0,1,1,1,1,21
3736,1,1,1,1,1,0,0,16
1551,0,1,1,0,0,1,1,21
2273,1,0,0,1,0,1,1,23
3202,1,1,0,1,0,1,0,22
2820,1,0,1,1,1,0,1,30
1931,1,0,0,0,0,0,0,11
600,0,0,1,0,0,1,1,30
586,0,0,1,0,0,1,1,16
3686,1,1,1,1,0,1,0,26
84,0,0,0,0,0,1,0,24
3461,1,1,1,0,0,1,1,11
34,0,0,0,0,0,0,1,4
342,0,0,0,1,0,1,1,12
3618,1,1,1,1,0,0,0,18
1034,0,1,0,0,0,1,0,14
3078,1,1,0,0,1,1,0,18
3066,1,1,0,0,1,1,0,6
3720,1,1,1,1,0,1,1,30
1368,0,1,0,1,1,0,1,18
858,0,0,1,1,1,0,0,18
976,0,1,0,0,0,0,0,16
1340,0,1,0,1,1,0,0,20
3041,1,1,0,0,1,0,1,11
1693,0,1,1,1,0,0,0,13
1172,0,1,0,0,1,1,1,2
994,0,1,0,0,0,0,1,4
728,0,0,1,1,0,0,0,8
289,0,0,0,1,0,0,1,19
1007,0,1,0,0,0,0,1,17
2484,1,0,1,0,0,1,0,24
1801,0,1,1,1,1,0,0,1
3426,1,1,1,0,0,1,0,6
2932,1,1,0,0,0,0,1,22
1388,0,1,0,1,1,1,0,8
1981,1,0,0,0,0,1,0,1
2968,1,1,0,0,0,1,0,28
2301,1,0,0,1,1,0,0,21
1723,0,1,1,1,0,0,1,13
2691,1,0,1,1,0,0,1,21
816,0,0,1,1,0,1,1,6
1939,1,0,0,0,0,0,0,19
709,0,0,1,0,1,1,1,19
788,0,0,1,1,0,1,0,8
1450,0,1,1,0,0,0,0,10
454,0,0,0,1,1,1,1,4
970,0,1,0,0,0,0,0,10
2069,1,0,0,0,1,0,0,29
3764,1,1,1,1,1,0,1,14
1068,0,1,0,0,0,1,1,18
3166,1,1,0,1,0,0,1,16
2059,1,0,0,0,1,0,0,19
1145,0,1,0,0,1,1,0,5
2533,1,0,1,0,1,0,0,13
1258,0,1,0,1,0,0,1,28
1380,0,1,0,1,1,0,1,30
3259,1,1,0,1,1,0,0,19
745,0,0,1,1,0,0,0,25
638,0,0,1,0,1,0,1,8
1805,0,1,1,1,1,0,0,5
2595,1,0,1,0,1,1,0,15
3464,1,1,1,0,0,1,1,14
3319,1,1,0,1,1,1,0,19
2916,1,1,0,0,0,0,1,6
277,0,0,0,1,0,0,1,7
1891,0,1,1,1,1,1,1,1
1333,0,1,0,1,1,0,0,13
3582,1,1,1,0,1,1,1,12
169,0,0,0,0,1,0,1,19
1185,0,1,0,0,1,1,1,15
3476,1,1,1,0,0,1,1,26
1534,0,1,1,0,0,1,1,4
1357,0,1,0,1,1,0,1,7
3380,1,1,1,0,0,0,0,20
339,0,0,0,1,0,1,1,9
1490,0,1,1,0,0,0,1,20
2571,1,0,1,0,1,0,1,21
1505,0,1,1,0,0,1,0,5
1881,0,1,1,1,1,1,0,21
393,0,0,0,1,1,0,1,3
462,0,0,0,1,1,1,1,12
1921,1,0,0,0,0,0,0,1
232,0,0,0,0,1,1,1,22
147,0,0,0,0,1,0,0,27
2343,1,0,0,1,1,1,0,3
3013,1,1,0,0,1,0,0,13
3624,1,1,1,1,0,0,0,24
2464,1,0,1,0,0,1,0,4
2493,1,0,1,0,0,1,1,3
2652,1,0,1,1,0,0,0,12
1898,0,1,1,1,1,1,1,8
488,0,0,1,0,0,0,0,8
991,0,1,0,0,0,0,1,1
3580,1,1,1,0,1,1,1,10
1865,0,1,1,1,1,1,0,5
1652,0,1,1,0,1,1,1,2
2147,1,0,0,0,1,1,1,17
3044,1,1,0,0,1,0,1,14
633,0,0,1,0,1,0,1,3
1620,0,1,1,0,1,0,1,30
851,0,0,1,1,1,0,0,11
349,0,0,0,1,0,1,1,19
3733,1,1,1,1,1,0,0,13
107,0,0,0,0,0,1,1,17
3680,1,1,1,1,0,1,0,20
3541,1,1,1,0,1,1,0,1
2789,1,0,1,1,1,0,0,29
3057,1,1,0,0,1,0,1,27
2202,1,0,0,1,0,0,1,12
1713,0,1,1,1,0,0,1,3
649,0,0,1,0,1,0,1,19
1176,0,1,0,0,1,1,1,6
511,0,0,1,0,0,0,1,1
3683,1,1,1,1,0,1,0,23
1844,0,1,1,1,1,0,1,14
1553,0,1,1,0,0,1,1,23
1837,0,1,1,1,1,0,1,7
1164,0,1,0,0,1,1,0,24
1408,0,1,0,1,1,1,0,28
504,0,0,1,0,0,0,0,24
2918,1,1,0,0,0,0,1,8
114,0,0,0,0,0,1,1,24
303,0,0,0,1,0,1,0,3
2033,1,0,0,0,0,1,1,23
2432,1,0,1,0,0,0,1,2
1458,0,1,1,0,0,0,0,18
3203,1,1,0,1,0,1,0,23
993,0,1,0,0,0,0,1,3
228,0,0,0,0,1,1,1,18
1422,0,1,0,1,1,1,1,12
26,0,0,0,0,0,0,0,26
3302,1,1,0,1,1,1,0,2
208,0,0,0,0,1,1,0,28
3137,1,1,0,1,0,0,0,17
448,0,0,0,1,1,1,0,28
2665,1,0,1,1,0,0,0,25
2681,1,0,1,1,0,0,1,11
2564,1,0,1,0,1,0,1,14
2326,1,0,0,1,1,0,1,16
2034,1,0,0,0,0,1,1,24
2052,1,0,0,0,1,0,0,12
1823,0,1,1,1,1,0,0,23
3279,1,1,0,1,1,0,1,9
554,0,0,1,0,0,1,0,14
924,0,0,1,1,1,1,0,24
1933,1,0,0,0,0,0,0,13
1649,0,1,1,0,1,1,0,29
537,0,0,1,0,0,0,1,27
3099,1,1,0,0,1,1,1,9
3513,1,1,1,0,1,0,1,3
2612,1,0,1,0,1,1,1,2
3707,1,1,1,1,0,1,1,17
1334,0,1,0,1,1,0,0,14
780,0,0,1,1,0,0,1,30
257,0,0,0,1,0,0,0,17
109,0,0,0,0,0,1,1,19
3095,1,1,0,0,1,1,1,5
353,0,0,0,1,0,1,1,23
3025,1,1,0,0,1,0,0,25
229,0,0,0,0,1,1,1,19
2414,1,0,1,0,0,0,0,14
2403,1,0,1,0,0,0,0,3
2252,1,0,0,1,0,1,1,2
3328,1,1,0,1,1,1,0,28
2586,1,0,1,0,1,1,0,6
1487,0,1,1,0,0,0,1,17
2929,1,1,0,0,0,0,1,19
2781,1,0,1,1,1,0,0,21
1316,0,1,0,1,0,1,1,26
1616,0,1,1,0,1,0,1,26
1793,0,1,1,1,0,1,1,23
403,0,0,0,1,1,0,1,13
1304,0,1,0,1,0,1,1,14
2629,1,0,1,0,1,1,1,19
1698,0,1,1,1,0,0,0,18
531,0,0,1,0,0,0,1,21
1261,0,1,0,1,0,1,0,1
2373,1,0,0,1,1,1,1,3
298,0,0,0,1,0,0,1,28
1406,0,1,0,1,1,1,0,26
3053,1,1,0,0,1,0,1,23
2111,1,0,0,0,1,1,0,11
3799,1,1,1,1,1,1,0,19
3059,1,1,0,0,1,0,1,29
2268,1,0,0,1,0,1,1,18
1826,0,1,1,1,1,0,0,26
2631,1,0,1,0,1,1,1,21
846,0,0,1,1,1,0,0,6
372,0,0,0,1,1,0,0,12
3410,1,1,1,0,0,0,1,20
661,0,0,1,0,1,1,0,1
3584,1,1,1,0,1,1,1,14
214,0,0,0,0,1,1,1,4
1205,0,1,0,1,0,0,0,5
3409,1,1,1,0,0,0,1,19
1023,0,1,0,0,0,1,0,3
2179,1,0,0,1,0,0,0,19
1483,0,1,1,0,0,0,1,13
3675,1,1,1,1,0,1,0,15
708,0,0,1,0,1,1,1,18
754,0,0,1,1,0,0,1,4
1127,0,1,0,0,1,0,1,17
3467,1,1,1,0,0,1,1,17
2368,1,0,0,1,1,1,0,28
320,0,0,0,1,0,1,0,20
3119,1,1,0,0,1,1,1,29
912,0,0,1,1,1,1,0,12
2216,1,0,0,1,0,0,1,26
562,0,0,1,0,0,1,0,22
2987,1,1,0,0,0,1,1,17
3725,1,1,1,1,1,0,0,5
2350,1,0,0,1,1,1,0,10
1784,0,1,1,1,0,1,1,14
3038,1,1,0,0,1,0,1,8
953,0,0,1,1,1,1,1,23
762,0,0,1,1,0,0,1,12
468,0,0,0,1,1,1,1,18
2022,1,0,0,0,0,1,1,12
3522,1,1,1,0,1,0,1,12
359,0,0,0,1,0,1,1,29
2092,1,0,0,0,1,0,1,22
3766,1,1,1,1,1,0,1,16
2572,1,0,1,0,1,0,1,22
1516,0,1,1,0,0,1,0,16
3140,1,1,0,1,0,0,0,20
2697,1,0,1,1,0,0,1,27
1050,0,1,0,0,0,1,0,30
1705,0,1,1,1,0,0,0,25
2196,1,0,0,1,0,0,1,6
120,0,0,0,0,0,1,1,30
3337,1,1,0,1,1,1,1,7
2106,1,0,0,0,1,1,0,6
3324,1,1,0,1,1,1,0,24
3311,1,1,0,1,1,1,0,11
1780,0,1,1,1,0,1,1,10
1109,0,1,0,0,1,0,0,29
1770,0,1,1,1,0,1,0,30
1814,0,1,1,1,1,0,0,14
2489,1,0,1,0,0,1,0,29
394,0,0,0,1,1,0,1,4
3183,1,1,0,1,0,1,0,3
3060,1,1,0,0,1,0,1,30
901,0,0,1,1,1,1,0,1
3688,1,1,1,1,0,1,0,28
358,0,0,0,1,0,1,1,28
430,0,0,0,1,1,1,0,10
3617,1,1,1,1,0,0,0,17
3477,1,1,1,0,0,1,1,27
290,0,0,0,1,0,0,1,20
902,0,0,1,1,1,1,0,2
603,0,0,1,0,1,0,0,3
3788,1,1,1,1,1,1,0,8
1291,0,1,0,1,0,1,1,1
3115,1,1,0,0,1,1,1,25
2290,1,0,0,1,1,0,0,10
2702,1,0,1,1,0,1,0,2
1147,0,1,0,0,1,1,0,7
1359,0,1,0,1,1,0,1,9
436,0,0,0,1,1,1,0,16
2934,1,1,0,0,0,0,1,24
3144,1,1,0,1,0,0,0,24
3357,1,1,0,1,1,1,1,27
1720,0,1,1,1,0,0,1,10
3606,1,1,1,1,0,0,0,6
3085,1,1,0,0,1,1,0,25
3570,1,1,1,0,1,1,0,30
398,0,0,0,1,1,0,1,8
3323,1,1,0,1,1,1,0,23
43,0,0,0,0,0,0,1,13
1046,0,1,0,0,0,1,0,26
978,0,1,0,0,0,0,0,18
3560,1,1,1,0,1,1,0,20
2603,1,0,1,0,1,1,0,23
3551,1,1,1,0,1,1,0,11
642,0,0,1,0,1,0,1,12
1979,1,0,0,0,0,0,1,29
2001,1,0,0,0,0,1,0,21
3327,1,1,0,1,1,1,0,27
291,0,0,0,1,0,0,1,21
2894,1,1,0,0,0,0,0,14
1021,0,1,0,0,0,1,0,1
2383,1,0,0,1,1,1,1,13
2840,1,0,1,1,1,1,0,20
897,0,0,1,1,1,0,1,27
3123,1,1,0,1,0,0,0,3
441,0,0,0,1,1,1,0,21
3559,1,1,1,0,1,1,0,19
2875,1,0,1,1,1,1,1,25
1167,0,1,0,0,1,1,0,27
206,0,0,0,0,1,1,0,26
2443,1,0,1,0,0,0,1,13
347,0,0,0,1,0,1,1,17
1317,0,1,0,1,0,1,1,27
1124,0,1,0,0,1,0,1,14
677,0,0,1,0,1,1,0,17
2650,1,0,1,1,0,0,0,10
1927,1,0,0,0,0,0,0,7
3131,1,1,0,1,0,0,0,11
3689,1,1,1,1,0,1,0,29
820,0,0,1,1,0,1,1,10
2936,1,1,0,0,0,0,1,26
734,0,0,1,1,0,0,0,14
2450,1,0,1,0,0,0,1,20
3250,1,1,0,1,1,0,0,10
2460,1,0,1,0,0,0,1,30
3783,1,1,1,1,1,1,0,3
2479,1,0,1,0,0,1,0,19
2528,1,0,1,0,1,0,0,8
211,0,0,0,0,1,1,1,1
1110,0,1,0,0,1,0,0,30
1875,0,1,1,1,1,1,0,15
1125,0,1,0,0,1,0,1,15
397,0,0,0,1,1,0,1,7
3547,1,1,1,0,1,1,0,7
1521,0,1,1,0,0,1,0,21
806,0,0,1,1,0,1,0,26
618,0,0,1,0,1,0,0,18
694,0,0,1,0,1,1,1,4
2475,1,0,1,0,0,1,0,15
3344,1,1,0,1,1,1,1,14
2609,1,0,1,0,1,1,0,29
3777,1,1,1,1,1,0,1,27
3652,1,1,1,1,0,0,1,22
731,0,0,1,1,0,0,0,11
576,0,0,1,0,0,1,1,6
1937,1,0,0,0,0,0,0,17
1513,0,1,1,0,0,1,0,13
2802,1,0,1,1,1,0,1,12
2431,1,0,1,0,0,0,1,1
759,0,0,1,1,0,0,1,9
2366,1,0,0,1,1,1,0,26
1398,0,1,0,1,1,1,0,18
465,0,0,0,1,1,1,1,15
3647,1,1,1,1,0,0,1,17
1096,0,1,0,0,1,0,0,16
579,0,0,1,0,0,1,1,9
2080,1,0,0,0,1,0,1,10
3104,1,1,0,0,1,1,1,14
3158,1,1,0,1,0,0,1,8
2194,1,0,0,1,0,0,1,4
724,0,0,1,1,0,0,0,4
1759,0,1,1,1,0,1,0,19
2419,1,0,1,0,0,0,0,19
2395,1,0,0,1,1,1,1,25
346,0,0,0,1,0,1,1,16
3400,1,1,1,0,0,0,1,10
617,0,0,1,0,1,0,0,17
1026,0,1,0,0,0,1,0,6
230,0,0,0,0,1,1,1,20
1373,0,1,0,1,1,0,1,23
262,0,0,0,1,0,0,0,22
1740,0,1,1,1,0,0,1,30
1396,0,1,0,1,1,1,0,16
1200,0,1,0,0,1,1,1,30
699,0,0,1,0,1,1,1,9
543,0,0,1,0,0,1,0,3
596,0,0,1,0,0,1,1,26
227,0,0,0,0,1,1,1,17
3515,1,1,1,0,1,0,1,5
354,0,0,0,1,0,1,1,24
2656,1,0,1,1,0,0,0,16
2539,1,0,1,0,1,0,0,19
744,0,0,1,1,0,0,0,24
391,0,0,0,1,1,0,1,1
3479,1,1,1,0,0,1,1,29
3251,1,1,0,1,1,0,0,11
2382,1,0,0,1,1,1,1,12
640,0,0,1,0,1,0,1,10
2173,1,0,0,1,0,0,0,13
1506,0,1,1,0,0,1,0,6
478,0,0,0,1,1,1,1,28
2816,1,0,1,1,1,0,1,26
1202,0,1,0,1,0,0,0,2
550,0,0,1,0,0,1,0,10
628,0,0,1,0,1,0,0,28
1575,0,1,1,0,1,0,0,15
1255,0,1,0,1,0,0,1,25
3813,1,1,1,1,1,1,1,3
1089,0,1,0,0,1,0,0,9
3800,1,1,1,1,1,1,0,20
522,0,0,1,0,0,0,1,12
2256,1,0,0,1,0,1,1,6
2203,1,0,0,1,0,0,1,13
1588,0,1,1,0,1,0,0,28
3009,1,1,0,0,1,0,0,9
2142,1,0,0,0,1,1,1,12
2953,1,1,0,0,0,1,0,13
588,0,0,1,0,0,1,1,18
2817,1,0,1,1,1,0,1,27
768,0,0,1,1,0,0,1,18
3768,1,1,1,1,1,0,1,18
1866,0,1,1,1,1,1,0,6
2274,1,0,0,1,0,1,1,24
3133,1,1,0,1,0,0,0,13
1182,0,1,0,0,1,1,1,12
3094,1,1,0,0,1,1,1,4
3773,1,1,1,1,1,0,1,23
1641,0,1,1,0,1,1,0,21
1650,0,1,1,0,1,1,0,30
999,0,1,0,0,0,0,1,9
526,0,0,1,0,0,0,1,16
2315,1,0,0,1,1,0,1,5
3303,1,1,0,1,1,1,0,3
3326,1,1,0,1,1,1,0,26
3586,1,1,1,0,1,1,1,16
2415,1,0,1,0,0,0,0,15
1614,0,1,1,0,1,0,1,24
3489,1,1,1,0,1,0,0,9
1591,0,1,1,0,1,0,1,1
2904,1,1,0,0,0,0,0,24
1833,0,1,1,1,1,0,1,3
3256,1,1,0,1,1,0,0,16
2387,1,0,0,1,1,1,1,17
2312,1,0,0,1,1,0,1,2
348,0,0,0,1,0,1,1,18
3037,1,1,0,0,1,0,1,7
2093,1,0,0,0,1,0,1,23
3366,1,1,1,0,0,0,0,6
2751,1,0,1,1,0,1,1,21
2185,1,0,0,1,0,0,0,25
2990,1,1,0,0,0,1,1,20
2285,1,0,0,1,1,0,0,5
1154,0,1,0,0,1,1,0,14
209,0,0,0,0,1,1,0,29
1385,0,1,0,1,1,1,0,5
1141,0,1,0,0,1,1,0,1
1690,0,1,1,1,0,0,0,10
2332,1,0,0,1,1,0,1,22
1221,0,1,0,1,0,0,0,21
2298,1,0,0,1,1,0,0,18
1499,0,1,1,0,0,0,1,29
748,0,0,1,1,0,0,0,28
3787,1,1,1,1,1,1,0,7
3342,1,1,0,1,1,1,1,12
1037,0,1,0,0,0,1,0,17
2193,1,0,0,1,0,0,1,3
1621,0,1,1,0,1,1,0,1
3678,1,1,1,1,0,1,0,18
2445,1,0,1,0,0,0,1,15
2690,1,0,1,1,0,0,1,20
40,0,0,0,0,0,0,1,10
3738,1,1,1,1,1,0,0,18
2036,1,0,0,0,0,1,1,26
1453,0,1,1,0,0,0,0,13
1108,0,1,0,0,1,0,0,28
2275,1,0,0,1,0,1,1,25
3394,1,1,1,0,0,0,1,4
660,0,0,1,0,1,0,1,30
3475,1,1,1,0,0,1,1,25
3361,1,1,1,0,0,0,0,1
2141,1,0,0,0,1,1,1,11
3135,1,1,0,1,0,0,0,15
2814,1,0,1,1,1,0,1,24
821,0,0,1,1,0,1,1,11
1287,0,1,0,1,0,1,0,27
2137,1,0,0,0,1,1,1,7
757,0,0,1,1,0,0,1,7
3397,1,1,1,0,0,0,1,7
1682,0,1,1,1,0,0,0,2
521,0,0,1,0,0,0,1,11
1870,0,1,1,1,1,1,0,10
383,0,0,0,1,1,0,0,23
2544,1,0,1,0,1,0,0,24
2623,1,0,1,0,1,1,1,13
3459,1,1,1,0,0,1,1,9
950,0,0,1,1,1,1,1,20
3061,1,1,0,0,1,1,0,1
3714,1,1,1,1,0,1,1,24
2676,1,0,1,1,0,0,1,6
2730,1,0,1,1,0,1,0,30
1856,0,1,1,1,1,0,1,26
2053,1,0,0,0,1,0,0,13
3103,1,1,0,0,1,1,1,13
55,0,0,0,0,0,0,1,25
3150,1,1,0,1,0,0,0,30
386,0,0,0,1,1,0,0,26
1350,0,1,0,1,1,0,0,30
2243,1,0,0,1,0,1,0,23
1160,0,1,0,0,1,1,0,20
1778,0,1,1,1,0,1,1,8
1223,0,1,0,1,0,0,0,23
2381,1,0,0,1,1,1,1,11
1799,0,1,1,1,0,1,1,29
1969,1,0,0,0,0,0,1,19
1496,0,1,1,0,0,0,1,26
1733,0,1,1,1,0,0,1,23
819,0,0,1,1,0,1,1,9
622,0,0,1,0,1,0,0,22
494,0,0,1,0,0,0,0,14
936,0,0,1,1,1,1,1,6
2720,1,0,1,1,0,1,0,20
736,0,0,1,1,0,0,0,16
3224,1,1,0,1,0,1,1,14
983,0,1,0,0,0,0,0,23
2872,1,0,1,1,1,1,1,22
783,0,0,1,1,0,1,0,3
3120,1,1,0,0,1,1,1,30
3033,1,1,0,0,1,0,1,3
625,0,0,1,0,1,0,0,25
2605,1,0,1,0,1,1,0,25
29,0,0,0,0,0,0,0,29
3111,1,1,0,0,1,1,1,21
6,0,0,0,0,0,0,0,6
857,0,0,1,1,1,0,0,17
153,0,0,0,0,1,0,1,3
3538,1,1,1,0,1,0,1,28
2669,1,0,1,1,0,0,0,29
856,0,0,1,1,1,0,0,16
2420,1,0,1,0,0,0,0,20
990,0,1,0,0,0,0,0,30
2907,1,1,0,0,0,0,0,27
1896,0,1,1,1,1,1,1,6
2694,1,0,1,1,0,0,1,24
2258,1,0,0,1,0,1,1,8
2792,1,0,1,1,1,0,1,2
2884,1,1,0,0,0,0,0,4
925,0,0,1,1,1,1,0,25
2318,1,0,0,1,1,0,1,8
3156,1,1,0,1,0,0,1,6
1142,0,1,0,0,1,1,0,2
1914,0,1,1,1,1,1,1,24
2011,1,0,0,0,0,1,1,1
2201,1,0,0,1,0,0,1,11
2455,1,0,1,0,0,0,1,25
1481,0,1,1,0,0,0,1,11
2845,1,0,1,1,1,1,0,25
1808,0,1,1,1,1,0,0,8
2856,1,0,1,1,1,1,1,6
1190,0,1,0,0,1,1,1,20
3575,1,1,1,0,1,1,1,5
3828,1,1,1,1,1,1,1,18
2347,1,0,0,1,1,1,0,7
2125,1,0,0,0,1,1,0,25
3594,1,1,1,0,1,1,1,24
3283,1,1,0,1,1,0,1,13
450,0,0,0,1,1,1,0,30
784,0,0,1,1,0,1,0,4
1615,0,1,1,0,1,0,1,25
1802,0,1,1,1,1,0,0,2
1653,0,1,1,0,1,1,1,3
296,0,0,0,1,0,0,1,26
473,0,0,0,1,1,1,1,23
3658,1,1,1,1,0,0,1,28
1307,0,1,0,1,0,1,1,17
2520,1,0,1,0,0,1,1,30
184,0,0,0,0,1,1,0,4
923,0,0,1,1,1,1,0,23
3040,1,1,0,0,1,0,1,10
3027,1,1,0,0,1,0,0,27
1792,0,1,1,1,0,1,1,22
2427,1,0,1,0,0,0,0,27
1712,0,1,1,1,0,0,1,2
1546,0,1,1,0,0,1,1,16
104,0,0,0,0,0,1,1,14
2949,1,1,0,0,0,1,0,9
2008,1,0,0,0,0,1,0,28
3286,1,1,0,1,1,0,1,16
1326,0,1,0,1,1,0,0,6
785,0,0,1,1,0,1,0,5
366,0,0,0,1,1,0,0,6
1709,0,1,1,1,0,0,0,29
1815,0,1,1,1,1,0,0,15
910,0,0,1,1,1,1,0,10
2164,1,0,0,1,0,0,0,4
3553,1,1,1,0,1,1,0,13
3637,1,1,1,1,0,0,1,7
1012,0,1,0,0,0,0,1,22
427,0,0,0,1,1,1,0,7
2348,1,0,0,1,1,1,0,8
1138,0,1,0,0,1,0,1,28
1867,0,1,1,1,1,1,0,7
2359,1,0,0,1,1,1,0,19
2901,1,1,0,0,0,0,0,21
890,0,0,1,1,1,0,1,20
3761,1,1,1,1,1,0,1,11
1099,0,1,0,0,1,0,0,19
3756,1,1,1,1,1,0,1,6
1702,0,1,1,1,0,0,0,22
2161,1,0,0,1,0,0,0,1
3151,1,1,0,1,0,0,1,1
3600,1,1,1,0,1,1,1,30
3786,1,1,1,1,1,1,0,6
2897,1,1,0,0,0,0,0,17
840,0,0,1,1,0,1,1,30
1715,0,1,1,1,0,0,1,5
3116,1,1,0,0,1,1,1,26
263,0,0,0,1,0,0,0,23
2170,1,0,0,1,0,0,0,10
3440,1,1,1,0,0,1,0,20
652,0,0,1,0,1,0,1,22
1530,0,1,1,0,0,1,0,30
2563,1,0,1,0,1,0,1,13
2457,1,0,1,0,0,0,1,27
1402,0,1,0,1,1,1,0,22
838,0,0,1,1,0,1,1,28
3306,1,1,0,1,1,1,0,6
749,0,0,1,1,0,0,0,29
138,0,0,0,0,1,0,0,18
1245,0,1,0,1,0,0,1,15
2240,1,0,0,1,0,1,0,20
2167,1,0,0,1,0,0,0,7
3601,1,1,1,1,0,0,0,1
2126,1,0,0,0,1,1,0,26
99,0,0,0,0,0,1,1,9
2166,1,0,0,1,0,0,0,6
2313,1,0,0,1,1,0,1,3
1006,0,1,0,0,0,0,1,16
322,0,0,0,1,0,1,0,22
782,0,0,1,1,0,1,0,2
2019,1,0,0,0,0,1,1,9
1390,0,1,0,1,1,1,0,10
878,0,0,1,1,1,0,1,8
1885,0,1,1,1,1,1,0,25
1559,0,1,1,0,0,1,1,29
197,0,0,0,0,1,1,0,17
2942,1,1,0,0,0,1,0,2
2707,1,0,1,1,0,1,0,7
2239,1,0,0,1,0,1,0,19
2985,1,1,0,0,0,1,1,15
1948,1,0,0,0,0,0,0,28
1079,0,1,0,0,0,1,1,29
938,0,0,1,1,1,1,1,8
2148,1,0,0,0,1,1,1,18
2545,1,0,1,0,1,0,0,25
2491,1,0,1,0,0,1,1,1
2793,1,0,1,1,1,0,1,3
475,0,0,0,1,1,1,1,25
3428,1,1,1,0,0,1,0,8
3814,1,1,1,1,1,1,1,4
801,0,0,1,1,0,1,0,21
551,0,0,1,0,0,1,0,11
1301,0,1,0,1,0,1,1,11
2552,1,0,1,0,1,0,1,2
94,0,0,0,0,0,1,1,4
3012,1,1,0,0,1,0,0,12
3776,1,1,1,1,1,0,1,26
3747,1,1,1,1,1,0,0,27
3452,1,1,1,0,0,1,1,2
2753,1,0,1,1,0,1,1,23
1394,0,1,0,1,1,1,0,14
2954,1,1,0,0,0,1,0,14
1492,0,1,1,0,0,0,1,22
995,0,1,0,0,0,0,1,5
2775,1,0,1,1,1,0,0,15
472,0,0,0,1,1,1,1,22
2044,1,0,0,0,1,0,0,4
552,0,0,1,0,0,1,0,12
880,0,0,1,1,1,0,1,10
365,0,0,0,1,1,0,0,5
739,0,0,1,1,0,0,0,19
2574,1,0,1,0,1,0,1,24
519,0,0,1,0,0,0,1,9
2826,1,0,1,1,1,1,0,6
3448,1,1,1,0,0,1,0,28
3421,1,1,1,0,0,1,0,1
119,0,0,0,0,0,1,1,29
2946,1,1,0,0,0,1,0,6
146,0,0,0,0,1,0,0,26
3779,1,1,1,1,1,0,1,29
2599,1,0,1,0,1,1,0,19
2966,1,1,0,0,0,1,0,26
1886,0,1,1,1,1,1,0,26
3338,1,1,0,1,1,1,1,8
61,0,0,0,0,0,1,0,1
3405,1,1,1,0,0,0,1,15
665,0,0,1,0,1,1,0,5
2903,1,1,0,0,0,0,0,23
3015,1,1,0,0,1,0,0,15
2749,1,0,1,1,0,1,1,19
328,0,0,0,1,0,1,0,28
3468,1,1,1,0,0,1,1,18
1813,0,1,1,1,1,0,0,13
979,0,1,0,0,0,0,0,19
1766,0,1,1,1,0,1,0,26
2745,1,0,1,1,0,1,1,15
3769,1,1,1,1,1,0,1,19
1781,0,1,1,1,0,1,1,11
63,0,0,0,0,0,1,0,3
502,0,0,1,0,0,0,0,22
3433,1,1,1,0,0,1,0,13
1724,0,1,1,1,0,0,1,14
3762,1,1,1,1,1,0,1,12
1950,1,0,0,0,0,0,0,30
1625,0,1,1,0,1,1,0,5
583,0,0,1,0,0,1,1,13
3242,1,1,0,1,1,0,0,2
1992,1,0,0,0,0,1,0,12
1478,0,1,1,0,0,0,1,8
141,0,0,0,0,1,0,0,21
1198,0,1,0,0,1,1,1,28
2622,1,0,1,0,1,1,1,12
3170,1,1,0,1,0,0,1,20
1098,0,1,0,0,1,0,0,18
3063,1,1,0,0,1,1,0,3
2975,1,1,0,0,0,1,1,5
377,0,0,0,1,1,0,0,17
2841,1,0,1,1,1,1,0,21
2577,1,0,1,0,1,0,1,27
1072,0,1,0,0,0,1,1,22
1924,1,0,0,0,0,0,0,4
38,0,0,0,0,0,0,1,8
1348,0,1,0,1,1,0,0,28
1993,1,0,0,0,0,1,0,13
1675,0,1,1,0,1,1,1,25
2505,1,0,1,0,0,1,1,15
1401,0,1,0,1,1,1,0,21
2881,1,1,0,0,0,0,0,1
882,0,0,1,1,1,0,1,12
2798,1,0,1,1,1,0,1,8
1771,0,1,1,1,0,1,1,1
2974,1,1,0,0,0,1,1,4
240,0,0,0,0,1,1,1,30
1158,0,1,0,0,1,1,0,18
3201,1,1,0,1,0,1,0,21
3197,1,1,0,1,0,1,0,17
3815,1,1,1,1,1,1,1,5
1999,1,0,0,0,0,1,0,19
2551,1,0,1,0,1,0,1,1
2289,1,0,0,1,1,0,0,9
1431,0,1,0,1,1,1,1,21
2930,1,1,0,0,0,0,1,20
3407,1,1,1,0,0,0,1,17
3599,1,1,1,0,1,1,1,29
2307,1,0,0,1,1,0,0,27
985,0,1,0,0,0,0,0,25
3561,1,1,1,0,1,1,0,21
1059,0,1,0,0,0,1,1,9
3181,1,1,0,1,0,1,0,1
308,0,0,0,1,0,1,0,8
1996,1,0,0,0,0,1,0,16
2821,1,0,1,1,1,1,0,1
1471,0,1,1,0,0,0,1,1
384,0,0,0,1,1,0,0,24
3052,1,1,0,0,1,0,1,22
944,0,0,1,1,1,1,1,14
2734,1,0,1,1,0,1,1,4
2778,1,0,1,1,1,0,0,18
2276,1,0,0,1,0,1,1,26
654,0,0,1,0,1,0,1,24
2993,1,1,0,0,0,1,1,23
684,0,0,1,0,1,1,0,24
2113,1,0,0,0,1,1,0,13
1659,0,1,1,0,1,1,1,9
190,0,0,0,0,1,1,0,10
495,0,0,1,0,0,0,0,15
3228,1,1,0,1,0,1,1,18
2434,1,0,1,0,0,0,1,4
3355,1,1,0,1,1,1,1,25
1762,0,1,1,1,0,1,0,22
3512,1,1,1,0,1,0,1,2
3276,1,1,0,1,1,0,1,6
817,0,0,1,1,0,1,1,7
54,0,0,0,0,0,0,1,24
3271,1,1,0,1,1,0,1,1
2725,1,0,1,1,0,1,0,25
355,0,0,0,1,0,1,1,25
3812,1,1,1,1,1,1,1,2
3550,1,1,1,0,1,1,0,10
2876,1,0,1,1,1,1,1,26
1511,0,1,1,0,0,1,0,11
777,0,0,1,1,0,0,1,27
2495,1,0,1,0,0,1,1,5
2338,1,0,0,1,1,0,1,28
674,0,0,1,0,1,1,0,14
2906,1,1,0,0,0,0,0,26
1658,0,1,1,0,1,1,1,8
449,0,0,0,1,1,1,0,29
1678,0,1,1,0,1,1,1,28
438,0,0,0,1,1,1,0,18
1451,0,1,1,0,0,0,0,11
928,0,0,1,1,1,1,0,28
536,0,0,1,0,0,0,1,26
1159,0,1,0,0,1,1,0,19
1820,0,1,1,1,1,0,0,20
2388,1,0,0,1,1,1,1,18
965,0,1,0,0,0,0,0,5
3107,1,1,0,0,1,1,1,17
2351,1,0,0,1,1,1,0,11
2614,1,0,1,0,1,1,1,4
664,0,0,1,0,1,1,0,4
1552,0,1,1,0,0,1,1,22
1618,0,1,1,0,1,0,1,28
3445,1,1,1,0,0,1,0,25
3117,1,1,0,0,1,1,1,27
1952,1,0,0,0,0,0,1,2
2214,1,0,0,1,0,0,1,24
558,0,0,1,0,0,1,0,18
3571,1,1,1,0,1,1,1,1
1497,0,1,1,0,0,0,1,27
210,0,0,0,0,1,1,0,30
191,0,0,0,0,1,1,0,11
309,0,0,0,1,0,1,0,9
3290,1,1,0,1,1,0,1,20
452,0,0,0,1,1,1,1,2
174,0,0,0,0,1,0,1,24
3802,1,1,1,1,1,1,0,22
3282,1,1,0,1,1,0,1,12
3677,1,1,1,1,0,1,0,17
2372,1,0,0,1,1,1,1,2
1689,0,1,1,1,0,0,0,9
2002,1,0,0,0,0,1,0,22
2043,1,0,0,0,1,0,0,3
3193,1,1,0,1,0,1,0,13
1232,0,1,0,1,0,0,1,2
2438,1,0,1,0,0,0,1,8
3105,1,1,0,0,1,1,1,15
2566,1,0,1,0,1,0,1,16
715,0,0,1,0,1,1,1,25
1265,0,1,0,1,0,1,0,5
1573,0,1,1,0,1,0,0,13
3168,1,1,0,1,0,0,1,18
499,0,0,1,0,0,0,0,19
2017,1,0,0,0,0,1,1,7
3636,1,1,1,1,0,0,1,6
367,0,0,0,1,1,0,0,7
2931,1,1,0,0,0,0,1,21
3043,1,1,0,0,1,0,1,13
2768,1,0,1,1,1,0,0,8
3744,1,1,1,1,1,0,0,24
2639,1,0,1,0,1,1,1,29
2515,1,0,1,0,0,1,1,25
2644,1,0,1,1,0,0,0,4
3626,1,1,1,1,0,0,0,26
2657,1,0,1,1,0,0,0,17
1088,0,1,0,0,1,0,0,8
185,0,0,0,0,1,1,0,5
3230,1,1,0,1,0,1,1,20
2145,1,0,0,0,1,1,1,15
3665,1,1,1,1,0,1,0,5
442,0,0,0,1,1,1,0,22
3552,1,1,1,0,1,1,0,12
1986,1,0,0,0,0,1,0,6
3372,1,1,1,0,0,0,0,12
2519,1,0,1,0,0,1,1,29
3155,1,1,0,1,0,0,1,5
3165,1,1,0,1,0,0,1,15
3602,1,1,1,1,0,0,0,2
2986,1,1,0,0,0,1,1,16
1529,0,1,1,0,0,1,0,29
972,0,1,0,0,0,0,0,12
1177,0,1,0,0,1,1,1,7
331,0,0,0,1,0,1,1,1
697,0,0,1,0,1,1,1,7
2892,1,1,0,0,0,0,0,12
1267,0,1,0,1,0,1,0,7
2862,1,0,1,1,1,1,1,12
3770,1,1,1,1,1,0,1,20
2888,1,1,0,0,0,0,0,8
2659,1,0,1,1,0,0,0,19
2769,1,0,1,1,1,0,0,9
1305,0,1,0,1,0,1,1,15
760,0,0,1,1,0,0,1,10
3596,1,1,1,0,1,1,1,26
3113,1,1,0,0,1,1,1,23
3589,1,1,1,0,1,1,1,19
1662,0,1,1,0,1,1,1,12
3708,1,1,1,1,0,1,1,18
1854,0,1,1,1,1,0,1,24
2866,1,0,1,1,1,1,1,16
1576,0,1,1,0,1,0,0,16
3480,1,1,1,0,0,1,1,30
1282,0,1,0,1,0,1,0,22
3543,1,1,1,0,1,1,0,3
446,0,0,0,1,1,1,0,26
1500,0,1,1,0,0,0,1,30
2329,1,0,0,1,1,0,1,19
2278,1,0,0,1,0,1,1,28
3289,1,1,0,1,1,0,1,19
1273,0,1,0,1,0,1,0,13
3434,1,1,1,0,0,1,0,14
2971,1,1,0,0,0,1,1,1
2050,1,0,0,0,1,0,0,10
332,0,0,0,1,0,1,1,2
154,0,0,0,0,1,0,1,4
1312,0,1,0,1,0,1,1,22
3330,1,1,0,1,1,1,0,30
2928,1,1,0,0,0,0,1,18
1028,0,1,0,0,0,1,0,8
2717,1,0,1,1,0,1,0,17
1459,0,1,1,0,0,0,0,19
2511,1,0,1,0,0,1,1,21
60,0,0,0,0,0,0,1,30
3791,1,1,1,1,1,1,0,11
2927,1,1,0,0,0,0,1,17
45,0,0,0,0,0,0,1,15
2081,1,0,0,0,1,0,1,11
3309,1,1,0,1,1,1,0,9
2771,1,0,1,1,1,0,0,11
3817,1,1,1,1,1,1,1,7
1351,0,1,0,1,1,0,1,1
3632,1,1,1,1,0,0,1,2
3050,1,1,0,0,1,0,1,20
1640,0,1,1,0,1,1,0,20
2854,1,0,1,1,1,1,1,4
1364,0,1,0,1,1,0,1,14
900,0,0,1,1,1,0,1,30
1509,0,1,1,0,0,1,0,9
264,0,0,0,1,0,0,0,24
569,0,0,1,0,0,1,0,29
2999,1,1,0,0,0,1,1,29
1432,0,1,0,1,1,1,1,22
1140,0,1,0,0,1,0,1,30
135,0,0,0,0,1,0,0,15
3823,1,1,1,1,1,1,1,13
1755,0,1,1,1,0,1,0,15
648,0,0,1,0,1,0,1,18
2674,1,0,1,1,0,0,1,4
2759,1,0,1,1,0,1,1,29
58,0,0,0,0,0,0,1,28
3715,1,1,1,1,0,1,1,25
1934,1,0,0,0,0,0,0,14
17,0,0,0,0,0,0,0,17
2205,1,0,0,1,0,0,1,15
56,0,0,0,0,0,0,1,26
3572,1,1,1,0,1,1,1,2
381,0,0,0,1,1,0,0,21
1538,0,1,1,0,0,1,1,8
1336,0,1,0,1,1,0,0,16
3530,1,1,1,0,1,0,1,20
2799,1,0,1,1,1,0,1,9
1809,0,1,1,1,1,0,0,9
270,0,0,0,1,0,0,0,30
19,0,0,0,0,0,0,0,19
3190,1,1,0,1,0,1,0,10
3838,1,1,1,1,1,1,1,28
3646,1,1,1,1,0,0,1,16
145,0,0,0,0,1,0,0,25
493,0,0,1,0,0,0,0,13
2209,1,0,0,1,0,0,1,19
2647,1,0,1,1,0,0,0,7
92,0,0,0,0,0,1,1,2
2386,1,0,0,1,1,1,1,16
1550,0,1,1,0,0,1,1,20
1824,0,1,1,1,1,0,0,24
179,0,0,0,0,1,0,1,29
872,0,0,1,1,1,0,1,2
126,0,0,0,0,1,0,0,6
679,0,0,1,0,1,1,0,19
3420,1,1,1,0,0,0,1,30
2959,1,1,0,0,0,1,0,19
725,0,0,1,1,0,0,0,5
1114,0,1,0,0,1,0,1,4
287,0,0,0,1,0,0,1,17
1704,0,1,1,1,0,0,0,24
1035,0,1,0,0,0,1,0,15
3435,1,1,1,0,0,1,0,15
2610,1,0,1,0,1,1,0,30
2770,1,0,1,1,1,0,0,10
3065,1,1,0,0,1,1,0,5
329,0,0,0,1,0,1,0,29
2335,1,0,0,1,1,0,1,25
1384,0,1,0,1,1,1,0,4
1600,0,1,1,0,1,0,1,10
3406,1,1,1,0,0,0,1,16
1339,0,1,0,1,1,0,0,19
2029,1,0,0,0,0,1,1,19
2245,1,0,0,1,0,1,0,25
458,0,0,0,1,1,1,1,8
59,0,0,0,0,0,0,1,29
2774,1,0,1,1,1,0,0,14
3455,1,1,1,0,0,1,1,5
2494,1,0,1,0,0,1,1,4
1090,0,1,0,0,1,0,0,10
1773,0,1,1,1,0,1,1,3
3818,1,1,1,1,1,1,1,8
1254,0,1,0,1,0,0,1,24
2446,1,0,1,0,0,0,1,16
870,0,0,1,1,1,0,0,30
1668,0,1,1,0,1,1,1,18
2967,1,1,0,0,0,1,0,27
909,0,0,1,1,1,1,0,9
3555,1,1,1,0,1,1,0,15
3739,1,1,1,1,1,0,0,19
1889,0,1,1,1,1,1,0,29
2218,1,0,0,1,0,0,1,28
1736,0,1,1,1,0,0,1,26
116,0,0,0,0,0,1,1,26
1642,0,1,1,0,1,1,0,22
2156,1,0,0,0,1,1,1,26
3691,1,1,1,1,0,1,1,1
3118,1,1,0,0,1,1,1,28
1622,0,1,1,0,1,1,0,2
1599,0,1,1,0,1,0,1,9
3413,1,1,1,0,0,0,1,23
1526,0,1,1,0,0,1,0,26
770,0,0,1,1,0,0,1,20
639,0,0,1,0,1,0,1,9
496,0,0,1,0,0,0,0,16
96,0,0,0,0,0,1,1,6
2982,1,1,0,0,0,1,1,12
1932,1,0,0,0,0,0,0,12
2923,1,1,0,0,0,0,1,13
527,0,0,1,0,0,0,1,17
2684,1,0,1,1,0,0,1,14
3014,1,1,0,0,1,0,0,14
3488,1,1,1,0,1,0,0,8
3046,1,1,0,0,1,0,1,16
1290,0,1,0,1,0,1,0,30
1810,0,1,1,1,1,0,0,10
3175,1,1,0,1,0,0,1,25
2891,1,1,0,0,0,0,0,11
2859,1,0,1,1,1,1,1,9
127,0,0,0,0,1,0,0,7
149,0,0,0,0,1,0,0,29
2361,1,0,0,1,1,1,0,21
460,0,0,0,1,1,1,1,10
3494,1,1,1,0,1,0,0,14
2701,1,0,1,1,0,1,0,1
1564,0,1,1,0,1,0,0,4
72,0,0,0,0,0,1,0,12
3490,1,1,1,0,1,0,0,10
259,0,0,0,1,0,0,0,19
3710,1,1,1,1,0,1,1,20
2031,1,0,0,0,0,1,1,21
1199,0,1,0,0,1,1,1,29
2580,1,0,1,0,1,0,1,30
2005,1,0,0,0,0,1,0,25
2077,1,0,0,0,1,0,1,7
1071,0,1,0,0,0,1,1,21
1839,0,1,1,1,1,0,1,9
2262,1,0,0,1,0,1,1,12
3439,1,1,1,0,0,1,0,19
2587,1,0,1,0,1,1,0,7
2269,1,0,0,1,0,1,1,19
3264,1,1,0,1,1,0,0,24
70,0,0,0,0,0,1,0,10
3002,1,1,0,0,1,0,0,2
1624,0,1,1,0,1,1,0,4
305,0,0,0,1,0,1,0,5
3239,1,1,0,1,0,1,1,29
590,0,0,1,0,0,1,1,20
2344,1,0,0,1,1,1,0,4
1058,0,1,0,0,0,1,1,8
1947,1,0,0,0,0,0,0,27
2224,1,0,0,1,0,1,0,4
3423,1,1,1,0,0,1,0,3
2510,1,0,1,0,0,1,1,20
1210,0,1,0,1,0,0,0,10
390,0,0,0,1,1,0,0,30
1696,0,1,1,1,0,0,0,16
2281,1,0,0,1,1,0,0,1
3310,1,1,0,1,1,1,0,10
406,0,0,0,1,1,0,1,16
3375,1,1,1,0,0,0,0,15
544,0,0,1,0,0,1,0,4
800,0,0,1,1,0,1,0,20
2654,1,0,1,1,0,0,0,14
2453,1,0,1,0,0,0,1,23
1742,0,1,1,1,0,1,0,2
297,0,0,0,1,0,0,1,27
310,0,0,0,1,0,1,0,10
3402,1,1,1,0,0,0,1,12
2871,1,0,1,1,1,1,1,21
700,0,0,1,0,1,1,1,10
2996,1,1,0,0,0,1,1,26
2402,1,0,1,0,0,0,0,2
1673,0,1,1,0,1,1,1,23
541,0,0,1,0,0,1,0,1
3716,1,1,1,1,0,1,1,26
2818,1,0,1,1,1,0,1,28
2082,1,0,0,0,1,0,1,12
279,0,0,0,1,0,0,1,9
1561,0,1,1,0,1,0,0,1
2869,1,0,1,1,1,1,1,19
2212,1,0,0,1,0,0,1,22
2208,1,0,0,1,0,0,1,18
1732,0,1,1,1,0,0,1,22
1043,0,1,0,0,0,1,0,23
1447,0,1,1,0,0,0,0,7
689,0,0,1,0,1,1,0,29
2666,1,0,1,1,0,0,0,26
2864,1,0,1,1,1,1,1,14
1446,0,1,1,0,0,0,0,6
2309,1,0,0,1,1,0,0,29
2527,1,0,1,0,1,0,0,7
905,0,0,1,1,1,1,0,5
3801,1,1,1,1,1,1,0,21
3485,1,1,1,0,1,0,0,5
285,0,0,0,1,0,0,1,15
515,0,0,1,0,0,0,1,5
2908,1,1,0,0,0,0,0,28
2441,1,0,1,0,0,0,1,11
514,0,0,1,0,0,0,1,4
518,0,0,1,0,0,0,1,8
3682,1,1,1,1,0,1,0,22
922,0,0,1,1,1,1,0,22
726,0,0,1,1,0,0,0,6
2408,1,0,1,0,0,0,0,8
2557,1,0,1,0,1,0,1,7
1962,1,0,0,0,0,0,1,12
3126,1,1,0,1,0,0,0,6
1562,0,1,1,0,1,0,0,2
22,0,0,0,0,0,0,0,22
3277,1,1,0,1,1,0,1,7
1737,0,1,1,1,0,0,1,27
1818,0,1,1,1,1,0,0,18
876,0,0,1,1,1,0,1,6
1091,0,1,0,0,1,0,0,11
2342,1,0,0,1,1,1,0,2
1796,0,1,1,1,0,1,1,26
2678,1,0,1,1,0,0,1,8
170,0,0,0,0,1,0,1,20
2740,1,0,1,1,0,1,1,10
1902,0,1,1,1,1,1,1,12
1207,0,1,0,1,0,0,0,7
2057,1,0,0,0,1,0,0,17
1665,0,1,1,0,1,1,1,15
1954,1,0,0,0,0,0,1,4
140,0,0,0,0,1,0,0,20
3404,1,1,1,0,0,0,1,14
3804,1,1,1,1,1,1,0,24
1785,0,1,1,1,0,1,1,15
1349,0,1,0,1,1,0,0,29
1945,1,0,0,0,0,0,0,25
1514,0,1,1,0,0,1,0,14
2600,1,0,1,0,1,1,0,20
3039,1,1,0,0,1,0,1,9
2833,1,0,1,1,1,1,0,13
1377,0,1,0,1,1,0,1,27
1835,0,1,1,1,1,0,1,5
1436,0,1,0,1,1,1,1,26
2509,1,0,1,0,0,1,1,19
155,0,0,0,0,1,0,1,5
2095,1,0,0,0,1,0,1,25
1475,0,1,1,0,0,0,1,5
306,0,0,0,1,0,1,0,6
1664,0,1,1,0,1,1,1,14
1407,0,1,0,1,1,1,0,27
1545,0,1,1,0,0,1,1,15
1630,0,1,1,0,1,1,0,10
1420,0,1,0,1,1,1,1,10
1797,0,1,1,1,0,1,1,27
1014,0,1,0,0,0,0,1,24
396,0,0,0,1,1,0,1,6
1227,0,1,0,1,0,0,0,27
3315,1,1,0,1,1,1,0,15
1411,0,1,0,1,1,1,1,1
1303,0,1,0,1,0,1,1,13
1069,0,1,0,0,0,1,1,19
2521,1,0,1,0,1,0,0,1
1648,0,1,1,0,1,1,0,28
3557,1,1,1,0,1,1,0,17
1537,0,1,1,0,0,1,1,7
112,0,0,0,0,0,1,1,22
1846,0,1,1,1,1,0,1,16
2718,1,0,1,1,0,1,0,18
2138,1,0,0,0,1,1,1,8
3187,1,1,0,1,0,1,0,7
2114,1,0,0,0,1,1,0,14
1183,0,1,0,0,1,1,1,13
439,0,0,0,1,1,1,0,19
2695,1,0,1,1,0,0,1,25
2265,1,0,0,1,0,1,1,15
3836,1,1,1,1,1,1,1,26
1180,0,1,0,0,1,1,1,10
637,0,0,1,0,1,0,1,7
2497,1,0,1,0,0,1,1,7
2827,1,0,1,1,1,1,0,7
2248,1,0,0,1,0,1,0,28
685,0,0,1,0,1,1,0,25
3320,1,1,0,1,1,1,0,20
3011,1,1,0,0,1,0,0,11
1540,0,1,1,0,0,1,1,10
1008,0,1,0,0,0,0,1,18
123,0,0,0,0,1,0,0,3
847,0,0,1,1,1,0,0,7
853,0,0,1,1,1,0,0,13
1960,1,0,0,0,0,0,1,10
3090,1,1,0,0,1,1,0,30
2336,1,0,0,1,1,0,1,26
1757,0,1,1,1,0,1,0,17
2708,1,0,1,1,0,1,0,8
1465,0,1,1,0,0,0,0,25
3108,1,1,0,0,1,1,1,18
2723,1,0,1,1,0,1,0,23
3497,1,1,1,0,1,0,0,17
231,0,0,0,0,1,1,1,21
1587,0,1,1,0,1,0,0,27
773,0,0,1,1,0,0,1,23
1480,0,1,1,0,0,0,1,10
1002,0,1,0,0,0,0,1,12
3493,1,1,1,0,1,0,0,13
606,0,0,1,0,1,0,0,6
3272,1,1,0,1,1,0,1,2
2279,1,0,0,1,0,1,1,29
920,0,0,1,1,1,1,0,20
3152,1,1,0,1,0,0,1,2
2397,1,0,0,1,1,1,1,27
1821,0,1,1,1,1,0,0,21
3261,1,1,0,1,1,0,0,21
1153,0,1,0,0,1,1,0,13
1911,0,1,1,1,1,1,1,21
2242,1,0,0,1,0,1,0,22
2791,1,0,1,1,1,0,1,1
2371,1,0,0,1,1,1,1,1
1864,0,1,1,1,1,1,0,4
2857,1,0,1,1,1,1,1,7
2558,1,0,1,0,1,0,1,8
327,0,0,0,1,0,1,0,27
538,0,0,1,0,0,0,1,28
1027,0,1,0,0,0,1,0,7
615,0,0,1,0,1,0,0,15
2134,1,0,0,0,1,1,1,4
2795,1,0,1,1,1,0,1,5
2896,1,1,0,0,0,0,0,16
2089,1,0,0,0,1,0,1,19
2021,1,0,0,0,0,1,1,11
1434,0,1,0,1,1,1,1,24
27,0,0,0,0,0,0,0,27
1382,0,1,0,1,1,1,0,2
66,0,0,0,0,0,1,0,6
3811,1,1,1,1,1,1,1,1
3712,1,1,1,1,0,1,1,22
1912,0,1,1,1,1,1,1,22
557,0,0,1,0,0,1,0,17
2581,1,0,1,0,1,1,0,1
1306,0,1,0,1,0,1,1,16
1262,0,1,0,1,0,1,0,2
476,0,0,0,1,1,1,1,26
2171,1,0,0,1,0,0,0,11
2462,1,0,1,0,0,1,0,2
1672,0,1,1,0,1,1,1,22
387,0,0,0,1,1,0,0,27
3010,1,1,0,0,1,0,0,10
3223,1,1,0,1,0,1,1,13
3200,1,1,0,1,0,1,0,20
1378,0,1,0,1,1,0,1,28
584,0,0,1,0,0,1,1,14
2626,1,0,1,0,1,1,1,16
1337,0,1,0,1,1,0,0,17
723,0,0,1,1,0,0,0,3
848,0,0,1,1,1,0,0,8
795,0,0,1,1,0,1,0,15
2668,1,0,1,1,0,0,0,28
3797,1,1,1,1,1,1,0,17
1666,0,1,1,0,1,1,1,16
2365,1,0,0,1,1,1,0,25
1413,0,1,0,1,1,1,1,3
2554,1,0,1,0,1,0,1,4
110,0,0,0,0,0,1,1,20
1572,0,1,1,0,1,0,0,12
3562,1,1,1,0,1,1,0,22
3084,1,1,0,0,1,1,0,24
3737,1,1,1,1,1,0,0,17
3620,1,1,1,1,0,0,0,20
2937,1,1,0,0,0,0,1,27
1269,0,1,0,1,0,1,0,9
117,0,0,0,0,0,1,1,27
2257,1,0,0,1,0,1,1,7
2832,1,0,1,1,1,1,0,12
2061,1,0,0,0,1,0,0,21
1946,1,0,0,0,0,0,0,26
632,0,0,1,0,1,0,1,2
2693,1,0,1,1,0,0,1,23
673,0,0,1,0,1,1,0,13
1094,0,1,0,0,1,0,0,14
2461,1,0,1,0,0,1,0,1
159,0,0,0,0,1,0,1,9
2512,1,0,1,0,0,1,1,22
1610,0,1,1,0,1,0,1,20
2186,1,0,0,1,0,0,0,26
2051,1,0,0,0,1,0,0,11
3210,1,1,0,1,0,1,0,30
2328,1,0,0,1,1,0,1,18
3496,1,1,1,0,1,0,0,16
3650,1,1,1,1,0,0,1,20
3502,1,1,1,0,1,0,0,22
3432,1,1,1,0,0,1,0,12
2468,1,0,1,0,0,1,0,8
2890,1,1,0,0,0,0,0,10
172,0,0,0,0,1,0,1,22
513,0,0,1,0,0,0,1,3
3196,1,1,0,1,0,1,0,16
2800,1,0,1,1,1,0,1,10
2898,1,1,0,0,0,0,0,18
722,0,0,1,1,0,0,0,2
3248,1,1,0,1,1,0,0,8
1284,0,1,0,1,0,1,0,24
861,0,0,1,1,1,0,0,21
236,0,0,0,0,1,1,1,26
217,0,0,0,0,1,1,1,7
852,0,0,1,1,1,0,0,12
302,0,0,0,1,0,1,0,2
614,0,0,1,0,1,0,0,14
3676,1,1,1,1,0,1,0,16
2596,1,0,1,0,1,1,0,16
344,0,0,0,1,0,1,1,14
591,0,0,1,0,0,1,1,21
827,0,0,1,1,0,1,1,17
1184,0,1,0,0,1,1,1,14
2355,1,0,0,1,1,1,0,15
2703,1,0,1,1,0,1,0,3
1803,0,1,1,1,1,0,0,3
3351,1,1,0,1,1,1,1,21
3671,1,1,1,1,0,1,0,11
2172,1,0,0,1,0,0,0,12
2887,1,1,0,0,0,0,0,7
1100,0,1,0,0,1,0,0,20
841,0,0,1,1,1,0,0,1
178,0,0,0,0,1,0,1,28
769,0,0,1,1,0,0,1,19
3167,1,1,0,1,0,0,1,17
1598,0,1,1,0,1,0,1,8
2097,1,0,0,0,1,0,1,27
1188,0,1,0,0,1,1,1,18
809,0,0,1,1,0,1,0,29
517,0,0,1,0,0,0,1,7
2724,1,0,1,1,0,1,0,24
3076,1,1,0,0,1,1,0,16
323,0,0,0,1,0,1,0,23
2777,1,0,1,1,1,0,0,17
2575,1,0,1,0,1,0,1,25
1448,0,1,1,0,0,0,0,8
814,0,0,1,1,0,1,1,4
3772,1,1,1,1,1,0,1,22
594,0,0,1,0,0,1,1,24
3209,1,1,0,1,0,1,0,29
1707,0,1,1,1,0,0,0,27
1417,0,1,0,1,1,1,1,7
907,0,0,1,1,1,1,0,7
2088,1,0,0,0,1,0,1,18
3706,1,1,1,1,0,1,1,16
1850,0,1,1,1,1,0,1,20
3444,1,1,1,0,0,1,0,24
3608,1,1,1,1,0,0,0,8
1577,0,1,1,0,1,0,0,17
895,0,0,1,1,1,0,1,25
1628,0,1,1,0,1,1,0,8
696,0,0,1,0,1,1,1,6
324,0,0,0,1,0,1,0,24
2449,1,0,1,0,0,0,1,19
906,0,0,1,1,1,1,0,6
3765,1,1,1,1,1,0,1,15
2277,1,0,0,1,0,1,1,27
1157,0,1,0,0,1,1,0,17
292,0,0,0,1,0,0,1,22
804,0,0,1,1,0,1,0,24
1161,0,1,0,0,1,1,0,21
2039,1,0,0,0,0,1,1,29
2158,1,0,0,0,1,1,1,28
2991,1,1,0,0,0,1,1,21
3741,1,1,1,1,1,0,0,21
3291,1,1,0,1,1,0,1,21
368,0,0,0,1,1,0,0,8
1582,0,1,1,0,1,0,0,22
1063,0,1,0,0,0,1,1,13
144,0,0,0,0,1,0,0,24
879,0,0,1,1,1,0,1,9
1517,0,1,1,0,0,1,0,17
255,0,0,0,1,0,0,0,15
1836,0,1,1,1,1,0,1,6
2417,1,0,1,0,0,0,0,17
2286,1,0,0,1,1,0,0,6
2474,1,0,1,0,0,1,0,14
2300,1,0,0,1,1,0,0,20
2149,1,0,0,0,1,1,1,19
3831,1,1,1,1,1,1,1,21
389,0,0,0,1,1,0,0,29
218,0,0,0,0,1,1,1,8
3017,1,1,0,0,1,0,0,17
225,0,0,0,0,1,1,1,15
2980,1,1,0,0,0,1,1,10
1647,0,1,1,0,1,1,0,27
1051,0,1,0,0,0,1,1,1
952,0,0,1,1,1,1,1,22
2485,1,0,1,0,0,1,0,25
2555,1,0,1,0,1,0,1,5
1586,0,1,1,0,1,0,0,26
585,0,0,1,0,0,1,1,15
3274,1,1,0,1,1,0,1,4
2921,1,1,0,0,0,0,1,11
3781,1,1,1,1,1,1,0,1
350,0,0,0,1,0,1,1,20
2428,1,0,1,0,0,0,0,28
304,0,0,0,1,0,1,0,4
1884,0,1,1,1,1,1,0,24
2926,1,1,0,0,0,0,1,16
2755,1,0,1,1,0,1,1,25
1880,0,1,1,1,1,1,0,20
3453,1,1,1,0,0,1,1,3
656,0,0,1,0,1,0,1,26
1612,0,1,1,0,1,0,1,22
489,0,0,1,0,0,0,0,9
2988,1,1,0,0,0,1,1,18
1278,0,1,0,1,0,1,0,18
3810,1,1,1,1,1,1,0,30
508,0,0,1,0,0,0,0,28
1988,1,0,0,0,0,1,0,8
1358,0,1,0,1,1,0,1,8
2704,1,0,1,1,0,1,0,4
244,0,0,0,1,0,0,0,4
1196,0,1,0,0,1,1,1,26
2843,1,0,1,1,1,1,0,23
2000,1,0,0,0,0,1,0,20
1961,1,0,0,0,0,0,1,11
316,0,0,0,1,0,1,0,16
567,0,0,1,0,0,1,0,27
865,0,0,1,1,1,0,0,25
175,0,0,0,0,1,0,1,25
2404,1,0,1,0,0,0,0,4
3690,1,1,1,1,0,1,0,30
3531,1,1,1,0,1,0,1,21
1322,0,1,0,1,1,0,0,2
1777,0,1,1,1,0,1,1,7
1699,0,1,1,1,0,0,0,19
1484,0,1,1,0,0,0,1,14
691,0,0,1,0,1,1,1,1
150,0,0,0,0,1,0,0,30
1590,0,1,1,0,1,0,0,30
1393,0,1,0,1,1,1,0,13
1009,0,1,0,0,0,0,1,19
3698,1,1,1,1,0,1,1,8
271,0,0,0,1,0,0,1,1
3048,1,1,0,0,1,0,1,18
1189,0,1,0,0,1,1,1,19
379,0,0,0,1,1,0,0,19
3790,1,1,1,1,1,1,0,10
1146,0,1,0,0,1,1,0,6
798,0,0,1,1,0,1,0,18
2121,1,0,0,0,1,1,0,21
3098,1,1,0,0,1,1,1,8
1018,0,1,0,0,0,0,1,28
1518,0,1,1,0,0,1,0,18
578,0,0,1,0,0,1,1,8
1888,0,1,1,1,1,1,0,28
703,0,0,1,0,1,1,1,13
885,0,0,1,1,1,0,1,15
926,0,0,1,1,1,1,0,26
2399,1,0,0,1,1,1,1,29
2797,1,0,1,1,1,0,1,7
2783,1,0,1,1,1,0,0,23
520,0,0,1,0,0,0,1,10
280,0,0,0,1,0,0,1,10
380,0,0,0,1,1,0,0,20
1531,0,1,1,0,0,1,1,1
2711,1,0,1,1,0,1,0,11
2040,1,0,0,0,0,1,1,30
1193,0,1,0,0,1,1,1,23
2396,1,0,0,1,1,1,1,26
3028,1,1,0,0,1,0,0,28
3619,1,1,1,1,0,0,0,19
423,0,0,0,1,1,1,0,3
3806,1,1,1,1,1,1,0,26
3514,1,1,1,0,1,0,1,4
1321,0,1,0,1,1,0,0,1
1020,0,1,0,0,0,0,1,30
447,0,0,0,1,1,1,0,27
3840,1,1,1,1,1,1,1,30
83,0,0,0,0,0,1,0,23
2976,1,1,0,0,0,1,1,6
2345,1,0,0,1,1,1,0,5
1593,0,1,1,0,1,0,1,3
2486,1,0,1,0,0,1,0,26
326,0,0,0,1,0,1,0,26
1424,0,1,0,1,1,1,1,14
1318,0,1,0,1,0,1,1,28
166,0,0,0,0,1,0,1,16
3751,1,1,1,1,1,0,1,1
3574,1,1,1,0,1,1,1,4
3346,1,1,0,1,1,1,1,16
2780,1,0,1,1,1,0,0,20
3021,1,1,0,0,1,0,0,21
3401,1,1,1,0,0,0,1,11
2195,1,0,0,1,0,0,1,5
3616,1,1,1,1,0,0,0,16
3297,1,1,0,1,1,0,1,27
3192,1,1,0,1,0,1,0,12
1804,0,1,1,1,1,0,0,4
666,0,0,1,0,1,1,0,6
797,0,0,1,1,0,1,0,17
2911,1,1,0,0,0,0,1,1
2346,1,0,0,1,1,1,0,6
246,0,0,0,1,0,0,0,6
3486,1,1,1,0,1,0,0,6
1879,0,1,1,1,1,1,0,19
2439,1,0,1,0,0,0,1,9
3345,1,1,0,1,1,1,1,15
2642,1,0,1,1,0,0,0,2
3695,1,1,1,1,0,1,1,5
2356,1,0,0,1,1,1,0,16
2370,1,0,0,1,1,1,0,30
3045,1,1,0,0,1,0,1,15
1169,0,1,0,0,1,1,0,29
862,0,0,1,1,1,0,0,22
1139,0,1,0,0,1,0,1,29
3834,1,1,1,1,1,1,1,24
2423,1,0,1,0,0,0,0,23
477,0,0,0,1,1,1,1,27
53,0,0,0,0,0,0,1,23
88,0,0,0,0,0,1,0,28
927,0,0,1,1,1,1,0,27
2261,1,0,0,1,0,1,1,11
755,0,0,1,1,0,0,1,5
1113,0,1,0,0,1,0,1,3
3653,1,1,1,1,0,0,1,23
2963,1,1,0,0,0,1,0,23
3006,1,1,0,0,1,0,0,6
1971,1,0,0,0,0,0,1,21
3625,1,1,1,1,0,0,0,25
3305,1,1,0,1,1,1,0,5
480,0,0,0,1,1,1,1,30
2530,1,0,1,0,1,0,0,10
80,0,0,0,0,0,1,0,20
1370,0,1,0,1,1,0,1,20
1230,0,1,0,1,0,0,0,30
863,0,0,1,1,1,0,0,23
3483,1,1,1,0,1,0,0,3
2016,1,0,0,0,0,1,1,6
3373,1,1,1,0,0,0,0,13
1746,0,1,1,1,0,1,0,6
2786,1,0,1,1,1,0,0,26
79,0,0,0,0,0,1,0,19
1832,0,1,1,1,1,0,1,2
1087,0,1,0,0,1,0,0,7
1414,0,1,0,1,1,1,1,4
363,0,0,0,1,1,0,0,3
1078,0,1,0,0,0,1,1,28
3622,1,1,1,1,0,0,0,22
97,0,0,0,0,0,1,1,7
3417,1,1,1,0,0,0,1,27
1064,0,1,0,0,0,1,1,14
1460,0,1,1,0,0,0,0,20
2973,1,1,0,0,0,1,1,3
2296,1,0,0,1,1,0,0,16
3437,1,1,1,0,0,1,0,17
2375,1,0,0,1,1,1,1,5
1744,0,1,1,1,0,1,0,4
2070,1,0,0,0,1,0,0,30
2760,1,0,1,1,0,1,1,30
3774,1,1,1,1,1,0,1,24
2633,1,0,1,0,1,1,1,23
2790,1,0,1,1,1,0,0,30
2634,1,0,1,0,1,1,1,24
2477,1,0,1,0,0,1,0,17
3234,1,1,0,1,0,1,1,24
2157,1,0,0,0,1,1,1,27
203,0,0,0,0,1,1,0,23
3339,1,1,0,1,1,1,1,9
3258,1,1,0,1,1,0,0,18
2478,1,0,1,0,0,1,0,18
667,0,0,1,0,1,1,0,7
2219,1,0,0,1,0,0,1,29
3458,1,1,1,0,0,1,1,8
3047,1,1,0,0,1,0,1,17
1895,0,1,1,1,1,1,1,5
2523,1,0,1,0,1,0,0,3
2637,1,0,1,0,1,1,1,27
1399,0,1,0,1,1,1,0,19
3590,1,1,1,0,1,1,1,20
3629,1,1,1,1,0,0,0,29
3727,1,1,1,1,1,0,0,7
1285,0,1,0,1,0,1,0,25
1410,0,1,0,1,1,1,0,30
2965,1,1,0,0,0,1,0,25
3672,1,1,1,1,0,1,0,12
1522,0,1,1,0,0,1,0,22
2766,1,0,1,1,1,0,0,6
273,0,0,0,1,0,0,1,3
919,0,0,1,1,1,1,0,19
662,0,0,1,0,1,1,0,2
1613,0,1,1,0,1,0,1,23
2752,1,0,1,1,0,1,1,22
1730,0,1,1,1,0,0,1,20
3416,1,1,1,0,0,0,1,26
1691,0,1,1,1,0,0,0,11
3540,1,1,1,0,1,0,1,30
202,0,0,0,0,1,1,0,22
1555,0,1,1,0,0,1,1,25
1557,0,1,1,0,0,1,1,27
3072,1,1,0,0,1,1,0,12
1800,0,1,1,1,0,1,1,30
3473,1,1,1,0,0,1,1,23
3422,1,1,1,0,0,1,0,2
77,0,0,0,0,0,1,0,17
1910,0,1,1,1,1,1,1,20
1772,0,1,1,1,0,1,1,2
581,0,0,1,0,0,1,1,11
2502,1,0,1,0,0,1,1,12
854,0,0,1,1,1,0,0,14
604,0,0,1,0,1,0,0,4
1873,0,1,1,1,1,1,0,13
710,0,0,1,0,1,1,1,20
132,0,0,0,0,1,0,0,12
2086,1,0,0,0,1,0,1,16
136,0,0,0,0,1,0,0,16
2099,1,0,0,0,1,0,1,29
1266,0,1,0,1,0,1,0,6
2700,1,0,1,1,0,0,1,30
3348,1,1,0,1,1,1,1,18
1703,0,1,1,1,0,0,0,23
3371,1,1,1,0,0,0,0,11
3521,1,1,1,0,1,0,1,11
492,0,0,1,0,0,0,0,12
3771,1,1,1,1,1,0,1,21
2102,1,0,0,0,1,1,0,2
1608,0,1,1,0,1,0,1,18
799,0,0,1,1,0,1,0,19
295,0,0,0,1,0,0,1,25
947,0,0,1,1,1,1,1,17
1331,0,1,0,1,1,0,0,11
1973,1,0,0,0,0,0,1,23
3393,1,1,1,0,0,0,1,3
3713,1,1,1,1,0,1,1,23
951,0,0,1,1,1,1,1,21
1643,0,1,1,0,1,1,0,23
3139,1,1,0,1,0,0,0,19
3341,1,1,0,1,1,1,1,11
812,0,0,1,1,0,1,1,2
237,0,0,0,0,1,1,1,27
3285,1,1,0,1,1,0,1,15
1578,0,1,1,0,1,0,0,18
2685,1,0,1,1,0,0,1,15
1302,0,1,0,1,0,1,1,12
1354,0,1,0,1,1,0,1,4
2178,1,0,0,1,0,0,0,18
3598,1,1,1,0,1,1,1,28
706,0,0,1,0,1,1,1,16
3805,1,1,1,1,1,1,0,25
463,0,0,0,1,1,1,1,13
2938,1,1,0,0,0,0,1,28
2211,1,0,0,1,0,0,1,21
2543,1,0,1,0,1,0,0,23
3237,1,1,0,1,0,1,1,27
1275,0,1,0,1,0,1,0,15
1362,0,1,0,1,1,0,1,12
931,0,0,1,1,1,1,1,1
1224,0,1,0,1,0,0,0,24
1930,1,0,0,0,0,0,0,10
2956,1,1,0,0,0,1,0,16
1426,0,1,0,1,1,1,1,16
2815,1,0,1,1,1,0,1,25
8,0,0,0,0,0,0,0,8
2177,1,0,0,1,0,0,0,17
2124,1,0,0,0,1,1,0,24
690,0,0,1,0,1,1,0,30
1048,0,1,0,0,0,1,0,28
2570,1,0,1,0,1,0,1,20
859,0,0,1,1,1,0,0,19
1669,0,1,1,0,1,1,1,19
2738,1,0,1,1,0,1,1,8
934,0,0,1,1,1,1,1,4
3173,1,1,0,1,0,0,1,23
2006,1,0,0,0,0,1,0,26
1985,1,0,0,0,0,1,0,5
3207,1,1,0,1,0,1,0,27
627,0,0,1,0,1,0,0,27
963,0,1,0,0,0,0,0,3
772,0,0,1,1,0,0,1,22
2924,1,1,0,0,0,0,1,14
73,0,0,0,0,0,1,0,13
414,0,0,0,1,1,0,1,24
3317,1,1,0,1,1,1,0,17
3587,1,1,1,0,1,1,1,17
669,0,0,1,0,1,1,0,9
2360,1,0,0,1,1,1,0,20
829,0,0,1,1,0,1,1,19
3534,1,1,1,0,1,0,1,24
1045,0,1,0,0,0,1,0,25
261,0,0,0,1,0,0,0,21
889,0,0,1,1,1,0,1,19
3288,1,1,0,1,1,0,1,18
1685,0,1,1,1,0,0,0,5
3450,1,1,1,0,0,1,0,30
2220,1,0,0,1,0,0,1,30
315,0,0,0,1,0,1,0,15
2311,1,0,0,1,1,0,1,1
71,0,0,0,0,0,1,0,11
3229,1,1,0,1,0,1,1,19
2364,1,0,0,1,1,1,0,24
1592,0,1,1,0,1,0,1,2
1152,0,1,0,0,1,1,0,12
3809,1,1,1,1,1,1,0,29
2886,1,1,0,0,0,0,0,6
142,0,0,0,0,1,0,0,22
775,0,0,1,1,0,0,1,25
3532,1,1,1,0,1,0,1,22
1619,0,1,1,0,1,0,1,29
2143,1,0,0,0,1,1,1,13
738,0,0,1,1,0,0,0,18
601,0,0,1,0,1,0,0,1
1923,1,0,0,0,0,0,0,3
3134,1,1,0,1,0,0,0,14
973,0,1,0,0,0,0,0,13
657,0,0,1,0,1,0,1,27
966,0,1,0,0,0,0,0,6
205,0,0,0,0,1,1,0,25
1710,0,1,1,1,0,0,0,30
1279,0,1,0,1,0,1,0,19
2721,1,0,1,1,0,1,0,21
471,0,0,0,1,1,1,1,21
3238,1,1,0,1,0,1,1,28
1894,0,1,1,1,1,1,1,4
402,0,0,0,1,1,0,1,12
2066,1,0,0,0,1,0,0,26
2722,1,0,1,1,0,1,0,22
3638,1,1,1,1,0,0,1,8
3491,1,1,1,0,1,0,0,11
2042,1,0,0,0,1,0,0,2
904,0,0,1,1,1,1,0,4
2972,1,1,0,0,0,1,1,2
14,0,0,0,0,0,0,0,14
251,0,0,0,1,0,0,0,11
2424,1,0,1,0,0,0,0,24
1603,0,1,1,0,1,0,1,13
805,0,0,1,1,0,1,0,25
1843,0,1,1,1,1,0,1,13
1953,1,0,0,0,0,0,1,3
2132,1,0,0,0,1,1,1,2
51,0,0,0,0,0,0,1,21
1123,0,1,0,0,1,0,1,13
188,0,0,0,0,1,1,0,8
3649,1,1,1,1,0,0,1,19
3820,1,1,1,1,1,1,1,10
65,0,0,0,0,0,1,0,5
1016,0,1,0,0,0,0,1,26
530,0,0,1,0,0,0,1,20
2225,1,0,0,1,0,1,0,5
1995,1,0,0,0,0,1,0,15
1900,0,1,1,1,1,1,1,10
1760,0,1,1,1,0,1,0,20
2333,1,0,0,1,1,0,1,23
631,0,0,1,0,1,0,1,1
686,0,0,1,0,1,1,0,26
3205,1,1,0,1,0,1,0,25
1391,0,1,0,1,1,1,0,11
2230,1,0,0,1,0,1,0,10
1482,0,1,1,0,0,0,1,12
1679,0,1,1,0,1,1,1,29
2324,1,0,0,1,1,0,1,14
3127,1,1,0,1,0,0,0,7
2920,1,1,0,0,0,0,1,10
2048,1,0,0,0,1,0,0,8
3749,1,1,1,1,1,0,0,29
256,0,0,0,1,0,0,0,16
3630,1,1,1,1,0,0,0,30
467,0,0,0,1,1,1,1,17
894,0,0,1,1,1,0,1,24
426,0,0,0,1,1,1,0,6
2004,1,0,0,0,0,1,0,24
3284,1,1,0,1,1,0,1,14
3026,1,1,0,0,1,0,0,26
2602,1,0,1,0,1,1,0,22
577,0,0,1,0,0,1,1,7
165,0,0,0,0,1,0,1,15
3472,1,1,1,0,0,1,1,22
1445,0,1,1,0,0,0,0,5
545,0,0,1,0,0,1,0,5
498,0,0,1,0,0,0,0,18
431,0,0,0,1,1,1,0,11
3069,1,1,0,0,1,1,0,9
3576,1,1,1,0,1,1,1,6
3501,1,1,1,0,1,0,0,21
2249,1,0,0,1,0,1,0,29
319,0,0,0,1,0,1,0,19
1676,0,1,1,0,1,1,1,26
534,0,0,1,0,0,0,1,24
1392,0,1,0,1,1,1,0,12
3353,1,1,0,1,1,1,1,23
3403,1,1,1,0,0,0,1,13
3567,1,1,1,0,1,1,0,27
1644,0,1,1,0,1,1,0,24
3368,1,1,1,0,0,0,0,8
3644,1,1,1,1,0,0,1,14
370,0,0,0,1,1,0,0,10
3068,1,1,0,0,1,1,0,8
2848,1,0,1,1,1,1,0,28
2919,1,1,0,0,0,0,1,9
2317,1,0,0,1,1,0,1,7
3299,1,1,0,1,1,0,1,29
87,0,0,0,0,0,1,0,27
3498,1,1,1,0,1,0,0,18
2526,1,0,1,0,1,0,0,6
474,0,0,0,1,1,1,1,24
701,0,0,1,0,1,1,1,11
3396,1,1,1,0,0,0,1,6
2058,1,0,0,0,1,0,0,18
2009,1,0,0,0,0,1,0,29
525,0,0,1,0,0,0,1,15
3722,1,1,1,1,1,0,0,2
3578,1,1,1,0,1,1,1,8
3510,1,1,1,0,1,0,0,30
1102,0,1,0,0,1,0,0,22
1454,0,1,1,0,0,0,0,14
2592,1,0,1,0,1,1,0,12
409,0,0,0,1,1,0,1,19
248,0,0,0,1,0,0,0,8
746,0,0,1,1,0,0,0,26
222,0,0,0,0,1,1,1,12
2487,1,0,1,0,0,1,0,27
1047,0,1,0,0,0,1,0,27
860,0,0,1,1,1,0,0,20
3438,1,1,1,0,0,1,0,18
913,0,0,1,1,1,1,0,13
2617,1,0,1,0,1,1,1,7
1855,0,1,1,1,1,0,1,25
3154,1,1,0,1,0,0,1,4
2673,1,0,1,1,0,0,1,3
375,0,0,0,1,1,0,0,15
2525,1,0,1,0,1,0,0,5
3443,1,1,1,0,0,1,0,23
1329,0,1,0,1,1,0,0,9
2716,1,0,1,1,0,1,0,16
616,0,0,1,0,1,0,0,16
1769,0,1,1,1,0,1,0,29
1887,0,1,1,1,1,1,0,27
2255,1,0,0,1,0,1,1,5
3097,1,1,0,0,1,1,1,7
500,0,0,1,0,0,0,0,20
2873,1,0,1,1,1,1,1,23
1825,0,1,1,1,1,0,0,25
1918,0,1,1,1,1,1,1,28
2632,1,0,1,0,1,1,1,22
3558,1,1,1,0,1,1,0,18
1361,0,1,0,1,1,0,1,11
1997,1,0,0,0,0,1,0,17
1728,0,1,1,1,0,0,1,18
3172,1,1,0,1,0,0,1,22
1270,0,1,0,1,0,1,0,10
1372,0,1,0,1,1,0,1,22
3214,1,1,0,1,0,1,1,4
2978,1,1,0,0,0,1,1,8
424,0,0,0,1,1,1,0,4
2103,1,0,0,0,1,1,0,3
3163,1,1,0,1,0,0,1,13
3180,1,1,0,1,0,0,1,30
2254,1,0,0,1,0,1,1,4
3449,1,1,1,0,0,1,0,29
997,0,1,0,0,0,0,1,7
2620,1,0,1,0,1,1,1,10
3651,1,1,1,1,0,0,1,21
101,0,0,0,0,0,1,1,11
3430,1,1,1,0,0,1,0,10
886,0,0,1,1,1,0,1,16
574,0,0,1,0,0,1,1,4
964,0,1,0,0,0,0,0,4
532,0,0,1,0,0,0,1,22
2358,1,0,0,1,1,1,0,18
3583,1,1,1,0,1,1,1,13
2589,1,0,1,0,1,1,0,9
730,0,0,1,1,0,0,0,10
1231,0,1,0,1,0,0,1,1
317,0,0,0,1,0,1,0,17
281,0,0,0,1,0,0,1,11
1566,0,1,1,0,1,0,0,6
2007,1,0,0,0,0,1,0,27
1237,0,1,0,1,0,0,1,7
3673,1,1,1,1,0,1,0,13
1663,0,1,1,0,1,1,1,13
125,0,0,0,0,1,0,0,5
470,0,0,0,1,1,1,1,20
2638,1,0,1,0,1,1,1,28
2825,1,0,1,1,1,1,0,5
2267,1,0,0,1,0,1,1,17
1913,0,1,1,1,1,1,1,23
732,0,0,1,1,0,0,0,12
781,0,0,1,1,0,1,0,1
3385,1,1,1,0,0,0,0,25
1015,0,1,0,0,0,0,1,25
2091,1,0,0,0,1,0,1,21
1181,0,1,0,0,1,1,1,11
564,0,0,1,0,0,1,0,24
1128,0,1,0,0,1,0,1,18
2197,1,0,0,1,0,0,1,7
3511,1,1,1,0,1,0,1,1
3333,1,1,0,1,1,1,1,3
2409,1,0,1,0,0,0,0,9
624,0,0,1,0,1,0,0,24
1469,0,1,1,0,0,0,0,29
1257,0,1,0,1,0,0,1,27
3030,1,1,0,0,1,0,0,30
1132,0,1,0,0,1,0,1,22
1017,0,1,0,0,0,0,1,27
2692,1,0,1,1,0,0,1,22
286,0,0,0,1,0,0,1,16
619,0,0,1,0,1,0,0,19
3789,1,1,1,1,1,1,0,9
1861,0,1,1,1,1,1,0,1
220,0,0,0,0,1,1,1,10
1991,1,0,0,0,0,1,0,11
2584,1,0,1,0,1,1,0,4
2078,1,0,0,0,1,0,1,8
2374,1,0,0,1,1,1,1,4
692,0,0,1,0,1,1,1,2
3321,1,1,0,1,1,1,0,21
3529,1,1,1,0,1,0,1,19
1044,0,1,0,0,0,1,0,24
3307,1,1,0,1,1,1,0,7
1319,0,1,0,1,0,1,1,29
3697,1,1,1,1,0,1,1,7
2839,1,0,1,1,1,1,0,19
2835,1,0,1,1,1,1,0,15
3240,1,1,0,1,0,1,1,30
1560,0,1,1,0,0,1,1,30
167,0,0,0,0,1,0,1,17
1731,0,1,1,1,0,0,1,21
3499,1,1,1,0,1,0,0,19
1488,0,1,1,0,0,0,1,18
3723,1,1,1,1,1,0,0,3
3161,1,1,0,1,0,0,1,11
2144,1,0,0,0,1,1,1,14
796,0,0,1,1,0,1,0,16
2447,1,0,1,0,0,0,1,17
2994,1,1,0,0,0,1,1,24
49,0,0,0,0,0,0,1,19
842,0,0,1,1,1,0,0,2
1752,0,1,1,1,0,1,0,12
1234,0,1,0,1,0,0,1,4
548,0,0,1,0,0,1,0,8
457,0,0,0,1,1,1,1,7
1086,0,1,0,0,1,0,0,6
2379,1,0,0,1,1,1,1,9
311,0,0,0,1,0,1,0,11
1857,0,1,1,1,1,0,1,27
86,0,0,0,0,0,1,0,26
2588,1,0,1,0,1,1,0,8
3347,1,1,0,1,1,1,1,17
771,0,0,1,1,0,0,1,21
1838,0,1,1,1,1,0,1,8
3389,1,1,1,0,0,0,0,29
3610,1,1,1,1,0,0,0,10
2522,1,0,1,0,1,0,0,2
2546,1,0,1,0,1,0,0,26
93,0,0,0,0,0,1,1,3
334,0,0,0,1,0,1,1,4
1727,0,1,1,1,0,0,1,17
3554,1,1,1,0,1,1,0,14
2028,1,0,0,0,0,1,1,18
1049,0,1,0,0,0,1,0,29
1041,0,1,0,0,0,1,0,21
3138,1,1,0,1,0,0,0,18
949,0,0,1,1,1,1,1,19
3793,1,1,1,1,1,1,0,13
506,0,0,1,0,0,0,0,26
3645,1,1,1,1,0,0,1,15
2115,1,0,0,0,1,1,0,15
3684,1,1,1,1,0,1,0,24
984,0,1,0,0,0,0,0,24
2448,1,0,1,0,0,0,1,18
68,0,0,0,0,0,1,0,8
2463,1,0,1,0,0,1,0,3
1959,1,0,0,0,0,0,1,9
1987,1,0,0,0,0,1,0,7
2263,1,0,0,1,0,1,1,13
1206,0,1,0,1,0,0,0,6
1571,0,1,1,0,1,0,0,11
3621,1,1,1,1,0,0,0,21
20,0,0,0,0,0,0,0,20
3641,1,1,1,1,0,0,1,11
2933,1,1,0,0,0,0,1,23
3080,1,1,0,0,1,1,0,20
1729,0,1,1,1,0,0,1,19
3381,1,1,1,0,0,0,0,21
204,0,0,0,0,1,1,0,24
2803,1,0,1,1,1,0,1,13
2661,1,0,1,1,0,0,0,21
720,0,0,1,0,1,1,1,30
2590,1,0,1,0,1,1,0,10
31,0,0,0,0,0,0,1,1
1543,0,1,1,0,0,1,1,13
2107,1,0,0,0,1,1,0,7
702,0,0,1,0,1,1,1,12
3136,1,1,0,1,0,0,0,16
1344,0,1,0,1,1,0,0,24
2847,1,0,1,1,1,1,0,27
1472,0,1,1,0,0,0,1,2
3609,1,1,1,1,0,0,0,9
2964,1,1,0,0,0,1,0,24
1395,0,1,0,1,1,1,0,15
2354,1,0,0,1,1,1,0,14
1168,0,1,0,0,1,1,0,28
1871,0,1,1,1,1,1,0,11
1822,0,1,1,1,1,0,0,22
2773,1,0,1,1,1,0,0,13
2297,1,0,0,1,1,0,0,17
687,0,0,1,0,1,1,0,27
2480,1,0,1,0,0,1,0,20
33,0,0,0,0,0,0,1,3
3293,1,1,0,1,1,0,1,23
955,0,0,1,1,1,1,1,25
3146,1,1,0,1,0,0,0,26
1852,0,1,1,1,1,0,1,22
100,0,0,0,0,0,1,1,10
1667,0,1,1,0,1,1,1,17
272,0,0,0,1,0,0,1,2
1477,0,1,1,0,0,0,1,7
3386,1,1,1,0,0,0,0,26
597,0,0,1,0,0,1,1,27
2259,1,0,0,1,0,1,1,9
3822,1,1,1,1,1,1,1,12
3132,1,1,0,1,0,0,0,12
3178,1,1,0,1,0,0,1,28
235,0,0,0,0,1,1,1,25
1520,0,1,1,0,0,1,0,20
2444,1,0,1,0,0,0,1,14
2914,1,1,0,0,0,0,1,4
2429,1,0,1,0,0,0,0,29
2878,1,0,1,1,1,1,1,28
124,0,0,0,0,1,0,0,4
2883,1,1,0,0,0,0,0,3
3093,1,1,0,0,1,1,1,3
1427,0,1,0,1,1,1,1,17
453,0,0,0,1,1,1,1,3
2325,1,0,0,1,1,0,1,15
646,0,0,1,0,1,0,1,16
954,0,0,1,1,1,1,1,24
1209,0,1,0,1,0,0,0,9
1563,0,1,1,0,1,0,0,3
3668,1,1,1,1,0,1,0,8
650,0,0,1,0,1,0,1,20
3174,1,1,0,1,0,0,1,24
2758,1,0,1,1,0,1,1,28
1486,0,1,1,0,0,0,1,16
485,0,0,1,0,0,0,0,5
1601,0,1,1,0,1,0,1,11
3469,1,1,1,0,0,1,1,19
2413,1,0,1,0,0,0,0,13
766,0,0,1,1,0,0,1,16
168,0,0,0,0,1,0,1,18
420,0,0,0,1,1,0,1,30
948,0,0,1,1,1,1,1,18
2229,1,0,0,1,0,1,0,9
3442,1,1,1,0,0,1,0,22
1584,0,1,1,0,1,0,0,24
3492,1,1,1,0,1,0,0,12
1554,0,1,1,0,0,1,1,24
2837,1,0,1,1,1,1,0,17
844,0,0,1,1,1,0,0,4
4,0,0,0,0,0,0,0,4
3141,1,1,0,1,0,0,0,21
1033,0,1,0,0,0,1,0,13
3148,1,1,0,1,0,0,0,28
1853,0,1,1,1,1,0,1,23
1249,0,1,0,1,0,0,1,19
914,0,0,1,1,1,1,0,14
1491,0,1,1,0,0,0,1,21
1695,0,1,1,1,0,0,0,15
469,0,0,0,1,1,1,1,19
3759,1,1,1,1,1,0,1,9
1485,0,1,1,0,0,0,1,15
1975,1,0,0,0,0,0,1,25
250,0,0,0,1,0,0,0,10
2250,1,0,0,1,0,1,0,30
2108,1,0,0,0,1,1,0,8
2294,1,0,0,1,1,0,0,14
2215,1,0,0,1,0,0,1,25
935,0,0,1,1,1,1,1,5
1811,0,1,1,1,1,0,0,11
2909,1,1,0,0,0,0,0,29
21,0,0,0,0,0,0,0,21
2635,1,0,1,0,1,1,1,25
2410,1,0,1,0,0,0,0,10
3042,1,1,0,0,1,0,1,12
3604,1,1,1,1,0,0,0,4
2585,1,0,1,0,1,1,0,5
24,0,0,0,0,0,0,0,24
693,0,0,1,0,1,1,1,3
1084,0,1,0,0,1,0,0,4
1170,0,1,0,0,1,1,0,30
121,0,0,0,0,1,0,0,1
2291,1,0,0,1,1,0,0,11
1162,0,1,0,0,1,1,0,22
2199,1,0,0,1,0,0,1,9
643,0,0,1,0,1,0,1,13
2664,1,0,1,1,0,0,0,24
1175,0,1,0,0,1,1,1,5
1001,0,1,0,0,0,0,1,11
2024,1,0,0,0,0,1,1,14
1749,0,1,1,1,0,1,0,9
2624,1,0,1,0,1,1,1,14
451,0,0,0,1,1,1,1,1
3020,1,1,0,0,1,0,0,20
3457,1,1,1,0,0,1,1,7
3755,1,1,1,1,1,0,1,5
445,0,0,0,1,1,1,0,25
3177,1,1,0,1,0,0,1,27
1718,0,1,1,1,0,0,1,8
1409,0,1,0,1,1,1,0,29
1897,0,1,1,1,1,1,1,7
1345,0,1,0,1,1,0,0,25
1638,0,1,1,0,1,1,0,18
2579,1,0,1,0,1,0,1,29
1633,0,1,1,0,1,1,0,13
1977,1,0,0,0,0,0,1,27
959,0,0,1,1,1,1,1,29
67,0,0,0,0,0,1,0,7
3592,1,1,1,0,1,1,1,22
2729,1,0,1,1,0,1,0,29
831,0,0,1,1,0,1,1,21
1106,0,1,0,0,1,0,0,26
1441,0,1,1,0,0,0,0,1
758,0,0,1,1,0,0,1,8
164,0,0,0,0,1,0,1,14
1597,0,1,1,0,1,0,1,7
610,0,0,1,0,1,0,0,10
3827,1,1,1,1,1,1,1,17
1901,0,1,1,1,1,1,1,11
705,0,0,1,0,1,1,1,15
2706,1,0,1,1,0,1,0,6
3142,1,1,0,1,0,0,0,22
3075,1,1,0,0,1,1,0,15
1639,0,1,1,0,1,1,0,19
3702,1,1,1,1,0,1,1,12
651,0,0,1,0,1,0,1,21
875,0,0,1,1,1,0,1,5
1313,0,1,0,1,0,1,1,23
776,0,0,1,1,0,0,1,26
1310,0,1,0,1,0,1,1,20
143,0,0,0,0,1,0,0,23
765,0,0,1,1,0,0,1,15
3169,1,1,0,1,0,0,1,19
2880,1,0,1,1,1,1,1,30
2253,1,0,0,1,0,1,1,3
763,0,0,1,1,0,0,1,13
3378,1,1,1,0,0,0,0,18
3270,1,1,0,1,1,0,0,30
1816,0,1,1,1,1,0,0,16
2426,1,0,1,0,0,0,0,26
1907,0,1,1,1,1,1,1,17
791,0,0,1,1,0,1,0,11
3280,1,1,0,1,1,0,1,10
3067,1,1,0,0,1,1,0,7
37,0,0,0,0,0,0,1,7
3208,1,1,0,1,0,1,0,28
2532,1,0,1,0,1,0,0,12
3685,1,1,1,1,0,1,0,25
835,0,0,1,1,0,1,1,25
1246,0,1,0,1,0,0,1,16
2998,1,1,0,0,0,1,1,28
1003,0,1,0,0,0,0,1,13
2075,1,0,0,0,1,0,1,5
3227,1,1,0,1,0,1,1,17
803,0,0,1,1,0,1,0,23
64,0,0,0,0,0,1,0,4
3533,1,1,1,0,1,0,1,23
3089,1,1,0,0,1,1,0,29
729,0,0,1,1,0,0,0,9
2247,1,0,0,1,0,1,0,27
3281,1,1,0,1,1,0,1,11
3392,1,1,1,0,0,0,1,2
1208,0,1,0,1,0,0,0,8
2677,1,0,1,1,0,0,1,7
943,0,0,1,1,1,1,1,13
416,0,0,0,1,1,0,1,26
2618,1,0,1,0,1,1,1,8
3446,1,1,1,0,0,1,0,26
2400,1,0,0,1,1,1,1,30
898,0,0,1,1,1,0,1,28
3029,1,1,0,0,1,0,0,29
2961,1,1,0,0,0,1,0,21
1580,0,1,1,0,1,0,0,20
3666,1,1,1,1,0,1,0,6
1943,1,0,0,0,0,0,0,23
1980,1,0,0,0,0,0,1,30
986,0,1,0,0,0,0,0,26
1965,1,0,0,0,0,0,1,15
2653,1,0,1,1,0,0,0,13
2715,1,0,1,1,0,1,0,15
1677,0,1,1,0,1,1,1,27
3471,1,1,1,0,0,1,1,21
1645,0,1,1,0,1,1,0,25
1847,0,1,1,1,1,0,1,17
3212,1,1,0,1,0,1,1,2
1941,1,0,0,0,0,0,0,21
3322,1,1,0,1,1,1,0,22
2641,1,0,1,1,0,0,0,1
1298,0,1,0,1,0,1,1,8
565,0,0,1,0,0,1,0,25
2204,1,0,0,1,0,0,1,14
3325,1,1,0,1,1,1,0,25
1292,0,1,0,1,0,1,1,2
611,0,0,1,0,1,0,0,11
932,0,0,1,1,1,1,1,2
3382,1,1,1,0,0,0,0,22
2696,1,0,1,1,0,0,1,26
1239,0,1,0,1,0,0,1,9
35,0,0,0,0,0,0,1,5
2128,1,0,0,0,1,1,0,28
3204,1,1,0,1,0,1,0,24
1256,0,1,0,1,0,0,1,26
2322,1,0,0,1,1,0,1,12
2130,1,0,0,0,1,1,0,30
1215,0,1,0,1,0,0,0,15
2112,1,0,0,0,1,1,0,12
3667,1,1,1,1,0,1,0,7
2378,1,0,0,1,1,1,1,8
1533,0,1,1,0,0,1,1,3
3748,1,1,1,1,1,0,0,28
1299,0,1,0,1,0,1,1,9
404,0,0,0,1,1,0,1,14
1253,0,1,0,1,0,0,1,23
2950,1,1,0,0,0,1,0,10
9,0,0,0,0,0,0,0,9
3332,1,1,0,1,1,1,1,2
2807,1,0,1,1,1,0,1,17
2710,1,0,1,1,0,1,0,10
1022,0,1,0,0,0,1,0,2
1906,0,1,1,1,1,1,1,16
3222,1,1,0,1,0,1,1,12
2829,1,0,1,1,1,1,0,9
336,0,0,0,1,0,1,1,6
3482,1,1,1,0,1,0,0,2
635,0,0,1,0,1,0,1,5
3526,1,1,1,0,1,0,1,16
540,0,0,1,0,0,0,1,30
2925,1,1,0,0,0,0,1,15
559,0,0,1,0,0,1,0,19
3523,1,1,1,0,1,0,1,13
2045,1,0,0,0,1,0,0,5
3743,1,1,1,1,1,0,0,23
3563,1,1,1,0,1,1,0,23
3049,1,1,0,0,1,0,1,19
1073,0,1,0,0,0,1,1,23
1260,0,1,0,1,0,0,1,30
1000,0,1,0,0,0,0,1,10
1585,0,1,1,0,1,0,0,25
1957,1,0,0,0,0,0,1,7
2411,1,0,1,0,0,0,0,11
42,0,0,0,0,0,0,1,12
2437,1,0,1,0,0,0,1,7
750,0,0,1,1,0,0,0,30
3160,1,1,0,1,0,0,1,10
1191,0,1,0,0,1,1,1,21
2003,1,0,0,0,0,1,0,23
1607,0,1,1,0,1,0,1,17
587,0,0,1,0,0,1,1,17
1473,0,1,1,0,0,0,1,3
2828,1,0,1,1,1,1,0,8
1126,0,1,0,0,1,0,1,16
3358,1,1,0,1,1,1,1,28
2303,1,0,0,1,1,0,0,23
247,0,0,0,1,0,0,0,7
1507,0,1,1,0,0,1,0,7
1714,0,1,1,1,0,0,1,4
787,0,0,1,1,0,1,0,7
2207,1,0,0,1,0,0,1,17
501,0,0,1,0,0,0,0,21
2977,1,1,0,0,0,1,1,7
2983,1,1,0,0,0,1,1,13
675,0,0,1,0,1,1,0,15
3343,1,1,0,1,1,1,1,13
850,0,0,1,1,1,0,0,10
3395,1,1,1,0,0,0,1,5
122,0,0,0,0,1,0,0,2
1300,0,1,0,1,0,1,1,10
459,0,0,0,1,1,1,1,9
3412,1,1,1,0,0,0,1,22
761,0,0,1,1,0,0,1,11
1936,1,0,0,0,0,0,0,16
1165,0,1,0,0,1,1,0,25
1428,0,1,0,1,1,1,1,18
2341,1,0,0,1,1,1,0,1
2812,1,0,1,1,1,0,1,22
713,0,0,1,0,1,1,1,23
2306,1,0,0,1,1,0,0,26
3318,1,1,0,1,1,1,0,18
1241,0,1,0,1,0,0,1,11
1548,0,1,1,0,0,1,1,18
1011,0,1,0,0,0,0,1,21
636,0,0,1,0,1,0,1,6
2686,1,0,1,1,0,0,1,16
238,0,0,0,0,1,1,1,28
3581,1,1,1,0,1,1,1,11
3191,1,1,0,1,0,1,0,11
1637,0,1,1,0,1,1,0,17
510,0,0,1,0,0,0,0,30
2116,1,0,0,0,1,1,0,16
1430,0,1,0,1,1,1,1,20
98,0,0,0,0,0,1,1,8
3819,1,1,1,1,1,1,1,9
3255,1,1,0,1,1,0,0,15
3718,1,1,1,1,0,1,1,28
1375,0,1,0,1,1,0,1,25
3520,1,1,1,0,1,0,1,10
482,0,0,1,0,0,0,0,2
3062,1,1,0,0,1,1,0,2
1741,0,1,1,1,0,1,0,1
3100,1,1,0,0,1,1,1,10
737,0,0,1,1,0,0,0,17
1756,0,1,1,1,0,1,0,16
2808,1,0,1,1,1,0,1,18
3564,1,1,1,0,1,1,0,24
3236,1,1,0,1,0,1,1,26
2559,1,0,1,0,1,0,1,9
549,0,0,1,0,0,1,0,9
3171,1,1,0,1,0,0,1,21
2314,1,0,0,1,1,0,1,4
330,0,0,0,1,0,1,0,30
2537,1,0,1,0,1,0,0,17
3481,1,1,1,0,1,0,0,1
1651,0,1,1,0,1,1,1,1
747,0,0,1,1,0,0,0,27
3244,1,1,0,1,1,0,0,4
2182,1,0,0,1,0,0,0,22
1629,0,1,1,0,1,1,0,9
1081,0,1,0,0,1,0,0,1
1919,0,1,1,1,1,1,1,29
3724,1,1,1,1,1,0,0,4
3128,1,1,0,1,0,0,0,8
2367,1,0,0,1,1,1,0,27
2015,1,0,0,0,0,1,1,5
2037,1,0,0,0,0,1,1,27
2316,1,0,0,1,1,0,1,6
2401,1,0,1,0,0,0,0,1
1983,1,0,0,0,0,1,0,3
1297,0,1,0,1,0,1,1,7
435,0,0,0,1,1,1,0,15
1271,0,1,0,1,0,1,0,11
2181,1,0,0,1,0,0,0,21
3615,1,1,1,1,0,0,0,15
1218,0,1,0,1,0,0,0,18
1111,0,1,0,0,1,0,1,1
1604,0,1,1,0,1,0,1,14
839,0,0,1,1,0,1,1,29
3807,1,1,1,1,1,1,0,27
299,0,0,0,1,0,0,1,29
571,0,0,1,0,0,1,1,1
1636,0,1,1,0,1,1,0,16
3,0,0,0,0,0,0,0,3
2616,1,0,1,0,1,1,1,6
1101,0,1,0,0,1,0,0,21
2266,1,0,0,1,0,1,1,16
2226,1,0,0,1,0,1,0,6
3525,1,1,1,0,1,0,1,15
3287,1,1,0,1,1,0,1,17
1935,1,0,0,0,0,0,0,15
2213,1,0,0,1,0,0,1,23
3241,1,1,0,1,1,0,0,1
1105,0,1,0,0,1,0,0,25
3436,1,1,1,0,0,1,0,16
1747,0,1,1,1,0,1,0,7
1840,0,1,1,1,1,0,1,10
3176,1,1,0,1,0,0,1,26
3612,1,1,1,1,0,0,0,12
345,0,0,0,1,0,1,1,15
1166,0,1,0,0,1,1,0,26
2761,1,0,1,1,1,0,0,1
3757,1,1,1,1,1,0,1,7
2744,1,0,1,1,0,1,1,14
2392,1,0,0,1,1,1,1,22
2713,1,0,1,1,0,1,0,13
2849,1,0,1,1,1,1,0,29
3419,1,1,1,0,0,0,1,29
25,0,0,0,0,0,0,0,25
2131,1,0,0,0,1,1,1,1
3593,1,1,1,0,1,1,1,23
300,0,0,0,1,0,0,1,30
2782,1,0,1,1,1,0,0,22
2393,1,0,0,1,1,1,1,23
1686,0,1,1,1,0,0,0,6
1252,0,1,0,1,0,0,1,22
36,0,0,0,0,0,0,1,6
1116,0,1,0,0,1,0,1,6
162,0,0,0,0,1,0,1,12
2221,1,0,0,1,0,1,0,1
3669,1,1,1,1,0,1,0,9
400,0,0,0,1,1,0,1,10
1565,0,1,1,0,1,0,0,5
95,0,0,0,0,0,1,1,5
1440,0,1,0,1,1,1,1,30
139,0,0,0,0,1,0,0,19
3700,1,1,1,1,0,1,1,10
3642,1,1,1,1,0,0,1,12
887,0,0,1,1,1,0,1,17
3758,1,1,1,1,1,0,1,8
3079,1,1,0,0,1,1,0,19
3466,1,1,1,0,0,1,1,16
294,0,0,0,1,0,0,1,24
2915,1,1,0,0,0,0,1,5
193,0,0,0,0,1,1,0,13
647,0,0,1,0,1,0,1,17
2,0,0,0,0,0,0,0,2
189,0,0,0,0,1,1,0,9
1547,0,1,1,0,0,1,1,17
3336,1,1,0,1,1,1,1,6
2645,1,0,1,1,0,0,0,5
3109,1,1,0,0,1,1,1,19
433,0,0,0,1,1,1,0,13
1171,0,1,0,0,1,1,1,1
1976,1,0,0,0,0,0,1,26
1013,0,1,0,0,0,0,1,23
2020,1,0,0,0,0,1,1,10
3573,1,1,1,0,1,1,1,3
2838,1,0,1,1,1,1,0,18
3711,1,1,1,1,0,1,1,21
3153,1,1,0,1,0,0,1,3
1474,0,1,1,0,0,0,1,4
62,0,0,0,0,0,1,0,2
131,0,0,0,0,1,0,0,11
3659,1,1,1,1,0,0,1,29
937,0,0,1,1,1,1,1,7
2682,1,0,1,1,0,0,1,12
3640,1,1,1,1,0,0,1,10
2340,1,0,0,1,1,0,1,30
3614,1,1,1,1,0,0,0,14
1549,0,1,1,0,0,1,1,19
3465,1,1,1,0,0,1,1,15
74,0,0,0,0,0,1,0,14
1827,0,1,1,1,1,0,0,27
893,0,0,1,1,1,0,1,23
443,0,0,0,1,1,1,0,23
987,0,1,0,0,0,0,0,27
2608,1,0,1,0,1,1,0,28
3664,1,1,1,1,0,1,0,4
3331,1,1,0,1,1,1,1,1
529,0,0,1,0,0,0,1,19
1851,0,1,1,1,1,0,1,21
2456,1,0,1,0,0,0,1,26
1595,0,1,1,0,1,0,1,5
915,0,0,1,1,1,1,0,15
1421,0,1,0,1,1,1,1,11
1493,0,1,1,0,0,0,1,23
3145,1,1,0,1,0,0,0,25
2501,1,0,1,0,0,1,1,11
2074,1,0,0,0,1,0,1,4
3088,1,1,0,0,1,1,0,28
1544,0,1,1,0,0,1,1,14
2025,1,0,0,0,0,1,1,15
1868,0,1,1,1,1,1,0,8
836,0,0,1,1,0,1,1,26
607,0,0,1,0,1,0,0,7
1909,0,1,1,1,1,1,1,19
2237,1,0,0,1,0,1,0,17
2822,1,0,1,1,1,1,0,2
813,0,0,1,1,0,1,1,3
3350,1,1,0,1,1,1,1,20
2302,1,0,0,1,1,0,0,22
2561,1,0,1,0,1,0,1,11
764,0,0,1,1,0,0,1,14
3633,1,1,1,1,0,0,1,3
2984,1,1,0,0,0,1,1,14
1418,0,1,0,1,1,1,1,8
1463,0,1,1,0,0,0,0,23
2454,1,0,1,0,0,0,1,24
2062,1,0,0,0,1,0,0,22
1940,1,0,0,0,0,0,0,20
1903,0,1,1,1,1,1,1,13
1767,0,1,1,1,0,1,0,27
1074,0,1,0,0,0,1,1,24
1352,0,1,0,1,1,0,1,2
3705,1,1,1,1,0,1,1,15
996,0,1,0,0,0,0,1,6
1515,0,1,1,0,0,1,0,15
2649,1,0,1,1,0,0,0,9
2471,1,0,1,0,0,1,0,11
200,0,0,0,0,1,1,0,20
1327,0,1,0,1,1,0,0,7
3565,1,1,1,0,1,1,0,25
1389,0,1,0,1,1,1,0,9
939,0,0,1,1,1,1,1,9
1179,0,1,0,0,1,1,1,9
2683,1,0,1,1,0,0,1,13
1602,0,1,1,0,1,0,1,12
849,0,0,1,1,1,0,0,9
683,0,0,1,0,1,1,0,23
1130,0,1,0,0,1,0,1,20
1462,0,1,1,0,0,0,0,22
3121,1,1,0,1,0,0,0,1
486,0,0,1,0,0,0,0,6
2071,1,0,0,0,1,0,1,1
113,0,0,0,0,0,1,1,23
2809,1,0,1,1,1,0,1,19
2672,1,0,1,1,0,0,1,2
1268,0,1,0,1,0,1,0,8
2210,1,0,0,1,0,0,1,20
2466,1,0,1,0,0,1,0,6
779,0,0,1,1,0,0,1,29
2877,1,0,1,1,1,1,1,27
2232,1,0,0,1,0,1,0,12
3414,1,1,1,0,0,0,1,24
1874,0,1,1,1,1,1,0,14
2389,1,0,0,1,1,1,1,19
1065,0,1,0,0,0,1,1,15
1118,0,1,0,0,1,0,1,8
3837,1,1,1,1,1,1,1,27
2227,1,0,0,1,0,1,0,7
503,0,0,1,0,0,0,0,23
23,0,0,0,0,0,0,0,23
351,0,0,0,1,0,1,1,21
3296,1,1,0,1,1,0,1,26
3656,1,1,1,1,0,0,1,26
663,0,0,1,0,1,1,0,3
2305,1,0,0,1,1,0,0,25
1416,0,1,0,1,1,1,1,6
512,0,0,1,0,0,0,1,2
1654,0,1,1,0,1,1,1,4
3824,1,1,1,1,1,1,1,14
974,0,1,0,0,0,0,0,14
3218,1,1,0,1,0,1,1,8
837,0,0,1,1,0,1,1,27
1201,0,1,0,1,0,0,0,1
1631,0,1,1,0,1,1,0,11
382,0,0,0,1,1,0,0,22
2096,1,0,0,0,1,0,1,26
3247,1,1,0,1,1,0,0,7
741,0,0,1,1,0,0,0,21
2712,1,0,1,1,0,1,0,12
2517,1,0,1,0,0,1,1,27
3775,1,1,1,1,1,0,1,25
156,0,0,0,0,1,0,1,6
553,0,0,1,0,0,1,0,13
2488,1,0,1,0,0,1,0,28
3314,1,1,0,1,1,1,0,14
69,0,0,0,0,0,1,0,9
1457,0,1,1,0,0,0,0,17
3839,1,1,1,1,1,1,1,29
929,0,0,1,1,1,1,0,29
1929,1,0,0,0,0,0,0,9
2885,1,1,0,0,0,0,0,5
3792,1,1,1,1,1,1,0,12
958,0,0,1,1,1,1,1,28
2787,1,0,1,1,1,0,0,27
268,0,0,0,1,0,0,0,28
2469,1,0,1,0,0,1,0,9
1286,0,1,0,1,0,1,0,26
2737,1,0,1,1,0,1,1,7
2607,1,0,1,0,1,1,0,27
2198,1,0,0,1,0,0,1,8
2613,1,0,1,0,1,1,1,3
1775,0,1,1,1,0,1,1,5
76,0,0,0,0,0,1,0,16
108,0,0,0,0,0,1,1,18
3717,1,1,1,1,0,1,1,27
2272,1,0,0,1,0,1,1,22
376,0,0,0,1,1,0,0,16
1503,0,1,1,0,0,1,0,3
1721,0,1,1,1,0,0,1,11
2010,1,0,0,0,0,1,0,30
2905,1,1,0,0,0,0,0,25
1606,0,1,1,0,1,0,1,16
3064,1,1,0,0,1,1,0,4
3004,1,1,0,0,1,0,0,4
491,0,0,1,0,0,0,0,11
2625,1,0,1,0,1,1,1,15
3384,1,1,1,0,0,0,0,24
3556,1,1,1,0,1,1,0,16
740,0,0,1,1,0,0,0,20
2013,1,0,0,0,0,1,1,3
2217,1,0,0,1,0,0,1,27
3257,1,1,0,1,1,0,0,17
971,0,1,0,0,0,0,0,11
712,0,0,1,0,1,1,1,22
2363,1,0,0,1,1,1,0,23
1197,0,1,0,0,1,1,1,27
1325,0,1,0,1,1,0,0,5
3189,1,1,0,1,0,1,0,9
969,0,1,0,0,0,0,0,9
1570,0,1,1,0,1,0,0,10
57,0,0,0,0,0,0,1,27
711,0,0,1,0,1,1,1,21
1489,0,1,1,0,0,0,1,19
2283,1,0,0,1,1,0,0,3
1745,0,1,1,1,0,1,0,5
2606,1,0,1,0,1,1,0,26
130,0,0,0,0,1,0,0,10
1400,0,1,0,1,1,1,0,20
1574,0,1,1,0,1,0,0,14
599,0,0,1,0,0,1,1,29
727,0,0,1,1,0,0,0,7
3833,1,1,1,1,1,1,1,23
3182,1,1,0,1,0,1,0,2
2514,1,0,1,0,0,1,1,24
1274,0,1,0,1,0,1,0,14
3102,1,1,0,0,1,1,1,12
2874,1,0,1,1,1,1,1,24
1338,0,1,0,1,1,0,0,18
2169,1,0,0,1,0,0,0,9
2146,1,0,0,0,1,1,1,16
90,0,0,0,0,0,1,0,30
2736,1,0,1,1,0,1,1,6
369,0,0,0,1,1,0,0,9
676,0,0,1,0,1,1,0,16
2788,1,0,1,1,1,0,0,28
2913,1,1,0,0,0,0,1,3
1194,0,1,0,0,1,1,1,24
3356,1,1,0,1,1,1,1,26
115,0,0,0,0,0,1,1,25
3631,1,1,1,1,0,0,1,1
3316,1,1,0,1,1,1,0,16
2023,1,0,0,0,0,1,1,13
2542,1,0,1,0,1,0,0,22
497,0,0,1,0,0,0,0,17
2094,1,0,0,0,1,0,1,24
2529,1,0,1,0,1,0,0,9
2390,1,0,0,1,1,1,1,20
1323,0,1,0,1,1,0,0,3
2331,1,0,0,1,1,0,1,21
2772,1,0,1,1,1,0,0,12
2238,1,0,0,1,0,1,0,18
3663,1,1,1,1,0,1,0,3
2416,1,0,1,0,0,0,0,16
3206,1,1,0,1,0,1,0,26
3509,1,1,1,0,1,0,0,29
1217,0,1,0,1,0,0,0,17
3051,1,1,0,0,1,0,1,21
1039,0,1,0,0,0,1,0,19
810,0,0,1,1,0,1,0,30
807,0,0,1,1,0,1,0,27
3462,1,1,1,0,0,1,1,12
921,0,0,1,1,1,1,0,21
1294,0,1,0,1,0,1,1,4
2830,1,0,1,1,1,1,0,10
1055,0,1,0,0,0,1,1,5
2288,1,0,0,1,1,0,0,8
1739,0,1,1,1,0,0,1,29
3266,1,1,0,1,1,0,0,26
3451,1,1,1,0,0,1,1,1
2234,1,0,0,1,0,1,0,14
3269,1,1,0,1,1,0,0,29
3273,1,1,0,1,1,0,1,3
362,0,0,0,1,1,0,0,2
613,0,0,1,0,1,0,0,13
3524,1,1,1,0,1,0,1,14
2165,1,0,0,1,0,0,0,5
752,0,0,1,1,0,0,1,2
1830,0,1,1,1,1,0,0,30
301,0,0,0,1,0,1,0,1
1536,0,1,1,0,0,1,1,6
1425,0,1,0,1,1,1,1,15
2705,1,0,1,1,0,1,0,5
2851,1,0,1,1,1,1,1,1
1556,0,1,1,0,0,1,1,26
487,0,0,1,0,0,0,0,7
2323,1,0,0,1,1,0,1,13
2187,1,0,0,1,0,0,0,27
252,0,0,0,1,0,0,0,12
2912,1,1,0,0,0,0,1,2
2902,1,1,0,0,0,0,0,22
3313,1,1,0,1,1,1,0,13
241,0,0,0,1,0,0,0,1
1057,0,1,0,0,0,1,1,7
3536,1,1,1,0,1,0,1,26
535,0,0,1,0,0,0,1,25
3035,1,1,0,0,1,0,1,5
751,0,0,1,1,0,0,1,1
1656,0,1,1,0,1,1,1,6
2630,1,0,1,0,1,1,1,20
2353,1,0,0,1,1,1,0,13
1250,0,1,0,1,0,0,1,20
1807,0,1,1,1,1,0,0,7
3198,1,1,0,1,0,1,0,18
3816,1,1,1,1,1,1,1,6
417,0,0,0,1,1,0,1,27
3359,1,1,0,1,1,1,1,29
3566,1,1,1,0,1,1,0,26
46,0,0,0,0,0,0,1,16
1944,1,0,0,0,0,0,0,24
3292,1,1,0,1,1,0,1,22
2594,1,0,1,0,1,1,0,14
3506,1,1,1,0,1,0,0,26
778,0,0,1,1,0,0,1,28
373,0,0,0,1,1,0,0,13
3215,1,1,0,1,0,1,1,5
982,0,1,0,0,0,0,0,22
1328,0,1,0,1,1,0,0,8
3767,1,1,1,1,1,0,1,17
215,0,0,0,0,1,1,1,5
3032,1,1,0,0,1,0,1,2
2658,1,0,1,1,0,0,0,18
1216,0,1,0,1,0,0,0,16
1405,0,1,0,1,1,1,0,25
392,0,0,0,1,1,0,1,2
1419,0,1,0,1,1,1,1,9
2405,1,0,1,0,0,0,0,5
1967,1,0,0,0,0,0,1,17
1195,0,1,0,0,1,1,1,25
2979,1,1,0,0,0,1,1,9
1143,0,1,0,0,1,1,0,3
275,0,0,0,1,0,0,1,5
28,0,0,0,0,0,0,0,28
3263,1,1,0,1,1,0,0,23
707,0,0,1,0,1,1,1,17
1568,0,1,1,0,1,0,0,8
2191,1,0,0,1,0,0,1,1
1795,0,1,1,1,0,1,1,25
2038,1,0,0,0,0,1,1,28
2662,1,0,1,1,0,0,0,22
823,0,0,1,1,0,1,1,13
1748,0,1,1,1,0,1,0,8
980,0,1,0,0,0,0,0,20
3364,1,1,1,0,0,0,0,4
183,0,0,0,0,1,1,0,3
338,0,0,0,1,0,1,1,8
868,0,0,1,1,1,0,0,28
1455,0,1,1,0,0,0,0,15
3635,1,1,1,1,0,0,1,5
1412,0,1,0,1,1,1,1,2
1892,0,1,1,1,1,1,1,2
1697,0,1,1,1,0,0,0,17
753,0,0,1,1,0,0,1,3
428,0,0,0,1,1,1,0,8
2174,1,0,0,1,0,0,0,14
3112,1,1,0,0,1,1,1,22
3019,1,1,0,0,1,0,0,19
1156,0,1,0,0,1,1,0,16
961,0,1,0,0,0,0,0,1
1085,0,1,0,0,1,0,0,5
717,0,0,1,0,1,1,1,27
239,0,0,0,0,1,1,1,29
2090,1,0,0,0,1,0,1,20
1626,0,1,1,0,1,1,0,6
2334,1,0,0,1,1,0,1,24
733,0,0,1,1,0,0,0,13
2407,1,0,1,0,0,0,0,7
3220,1,1,0,1,0,1,1,10
1998,1,0,0,0,0,1,0,18
634,0,0,1,0,1,0,1,4
3340,1,1,0,1,1,1,1,10
623,0,0,1,0,1,0,0,23
2151,1,0,0,0,1,1,1,21
3549,1,1,1,0,1,1,0,9
2868,1,0,1,1,1,1,1,18
1341,0,1,0,1,1,0,0,21
3377,1,1,1,0,0,0,0,17
2163,1,0,0,1,0,0,0,3
3623,1,1,1,1,0,0,0,23
1655,0,1,1,0,1,1,1,5
2385,1,0,0,1,1,1,1,15
3692,1,1,1,1,0,1,1,2
1502,0,1,1,0,0,1,0,2
1115,0,1,0,0,1,0,1,5
918,0,0,1,1,1,1,0,18
173,0,0,0,0,1,0,1,23
401,0,0,0,1,1,0,1,11
1972,1,0,0,0,0,0,1,22
1567,0,1,1,0,1,0,0,7
2496,1,0,1,0,0,1,1,6
3478,1,1,1,0,0,1,1,28
1660,0,1,1,0,1,1,1,10
2763,1,0,1,1,1,0,0,3
111,0,0,0,0,0,1,1,21
3699,1,1,1,1,0,1,1,9
16,0,0,0,0,0,0,0,16
575,0,0,1,0,0,1,1,5
2779,1,0,1,1,1,0,0,19
2155,1,0,0,0,1,1,1,25
2189,1,0,0,1,0,0,0,29
182,0,0,0,0,1,1,0,2
2139,1,0,0,0,1,1,1,9
3016,1,1,0,0,1,0,0,16
1646,0,1,1,0,1,1,0,26
411,0,0,0,1,1,0,1,21
2418,1,0,1,0,0,0,0,18
1726,0,1,1,1,0,0,1,16
592,0,0,1,0,0,1,1,22
2850,1,0,1,1,1,1,0,30
1982,1,0,0,0,0,1,0,2
2118,1,0,0,0,1,1,0,18
1415,0,1,0,1,1,1,1,5
719,0,0,1,0,1,1,1,29
884,0,0,1,1,1,0,1,14
1467,0,1,1,0,0,0,0,27
1367,0,1,0,1,1,0,1,17
3387,1,1,1,0,0,0,0,27
3463,1,1,1,0,0,1,1,13
2140,1,0,0,0,1,1,1,10
2867,1,0,1,1,1,1,1,17
2481,1,0,1,0,0,1,0,21
48,0,0,0,0,0,0,1,18
672,0,0,1,0,1,1,0,12
682,0,0,1,0,1,1,0,22
903,0,0,1,1,1,1,0,3
3798,1,1,1,1,1,1,0,18
977,0,1,0,0,0,0,0,17
1798,0,1,1,1,0,1,1,28
3164,1,1,0,1,0,0,1,14
1083,0,1,0,0,1,0,0,3
1120,0,1,0,0,1,0,1,10
3504,1,1,1,0,1,0,0,24
89,0,0,0,0,0,1,0,29
3056,1,1,0,0,1,0,1,26
1097,0,1,0,0,1,0,0,17
1687,0,1,1,1,0,0,0,7
2764,1,0,1,1,1,0,0,4
2834,1,0,1,1,1,1,0,14
1024,0,1,0,0,0,1,0,4
5,0,0,0,0,0,0,0,5
595,0,0,1,0,0,1,1,25
171,0,0,0,0,1,0,1,21
1539,0,1,1,0,0,1,1,9
1295,0,1,0,1,0,1,1,5
2719,1,0,1,1,0,1,0,19
2384,1,0,0,1,1,1,1,14
2805,1,0,1,1,1,0,1,15
1236,0,1,0,1,0,0,1,6
325,0,0,0,1,0,1,0,25
883,0,0,1,1,1,0,1,13
2122,1,0,0,0,1,1,0,22
3363,1,1,1,0,0,0,0,3
1082,0,1,0,0,1,0,0,2
2152,1,0,0,0,1,1,1,22
3518,1,1,1,0,1,0,1,8
582,0,0,1,0,0,1,1,12
3262,1,1,0,1,1,0,0,22
134,0,0,0,0,1,0,0,14
434,0,0,0,1,1,1,0,14
975,0,1,0,0,0,0,0,15
899,0,0,1,1,1,0,1,29
2578,1,0,1,0,1,0,1,28
3376,1,1,1,0,0,0,0,16
1794,0,1,1,1,0,1,1,24
3648,1,1,1,1,0,0,1,18
3418,1,1,1,0,0,0,1,28
3579,1,1,1,0,1,1,1,9
767,0,0,1,1,0,0,1,17
1067,0,1,0,0,0,1,1,17
2679,1,0,1,1,0,0,1,9
3832,1,1,1,1,1,1,1,22
3796,1,1,1,1,1,1,0,16
3024,1,1,0,0,1,0,0,24
2726,1,0,1,1,0,1,0,26
3369,1,1,1,0,0,0,0,9
307,0,0,0,1,0,1,0,7
3487,1,1,1,0,1,0,0,7
3301,1,1,0,1,1,1,0,1
3588,1,1,1,0,1,1,1,18
2556,1,0,1,0,1,0,1,6
224,0,0,0,0,1,1,1,14
1788,0,1,1,1,0,1,1,18
1178,0,1,0,0,1,1,1,8
456,0,0,0,1,1,1,1,6
32,0,0,0,0,0,0,1,2
219,0,0,0,0,1,1,1,9
2576,1,0,1,0,1,0,1,26
828,0,0,1,1,0,1,1,18
1040,0,1,0,0,0,1,0,20
245,0,0,0,1,0,0,0,5
1683,0,1,1,1,0,0,0,3
1356,0,1,0,1,1,0,1,6
1204,0,1,0,1,0,0,0,4
2500,1,0,1,0,0,1,1,10
3535,1,1,1,0,1,0,1,25
399,0,0,0,1,1,0,1,9
3603,1,1,1,1,0,0,0,3
3188,1,1,0,1,0,1,0,8
3005,1,1,0,0,1,0,0,5
1834,0,1,1,1,1,0,1,4
3544,1,1,1,0,1,1,0,4
2675,1,0,1,1,0,0,1,5
1272,0,1,0,1,0,1,0,12
2110,1,0,0,0,1,1,0,10
1963,1,0,0,0,0,0,1,13
3245,1,1,0,1,1,0,0,5
1240,0,1,0,1,0,0,1,10
2246,1,0,0,1,0,1,0,26
2412,1,0,1,0,0,0,0,12
3298,1,1,0,1,1,0,1,28
1032,0,1,0,0,0,1,0,12
566,0,0,1,0,0,1,0,26
3539,1,1,1,0,1,0,1,29
2688,1,0,1,1,0,0,1,18
2714,1,0,1,1,0,1,0,14
1277,0,1,0,1,0,1,0,17
44,0,0,0,0,0,0,1,14
2425,1,0,1,0,0,0,0,25
1958,1,0,0,0,0,0,1,8
2339,1,0,0,1,1,0,1,29
1439,0,1,0,1,1,1,1,29
408,0,0,0,1,1,0,1,18
774,0,0,1,1,0,0,1,24
2680,1,0,1,1,0,0,1,10
18,0,0,0,0,0,0,0,18
283,0,0,0,1,0,0,1,13
2482,1,0,1,0,0,1,0,22
1211,0,1,0,1,0,0,0,11
3704,1,1,1,1,0,1,1,14
102,0,0,0,0,0,1,1,12
1435,0,1,0,1,1,1,1,25
2670,1,0,1,1,0,0,0,30
340,0,0,0,1,0,1,1,10
1842,0,1,1,1,1,0,1,12
602,0,0,1,0,1,0,0,2
967,0,1,0,0,0,0,0,7
2321,1,0,0,1,1,0,1,11
3585,1,1,1,0,1,1,1,15
1213,0,1,0,1,0,0,0,13
267,0,0,0,1,0,0,0,27
1849,0,1,1,1,1,0,1,19
321,0,0,0,1,0,1,0,21
1288,0,1,0,1,0,1,0,28
2076,1,0,0,0,1,0,1,6
561,0,0,1,0,0,1,0,21
3456,1,1,1,0,0,1,1,6
3054,1,1,0,0,1,0,1,24
704,0,0,1,0,1,1,1,14
2472,1,0,1,0,0,1,0,12
3243,1,1,0,1,1,0,0,3
3335,1,1,0,1,1,1,1,5
1694,0,1,1,1,0,0,0,14
2087,1,0,0,0,1,0,1,17
2997,1,1,0,0,0,1,1,27
1019,0,1,0,0,0,0,1,29
1456,0,1,1,0,0,0,0,16
444,0,0,0,1,1,1,0,24
1535,0,1,1,0,0,1,1,5
274,0,0,0,1,0,0,1,4
1828,0,1,1,1,1,0,0,28
266,0,0,0,1,0,0,0,26
1173,0,1,0,0,1,1,1,3
2601,1,0,1,0,1,1,0,21
3071,1,1,0,0,1,1,0,11
2621,1,0,1,0,1,1,1,11
1423,0,1,0,1,1,1,1,13
2406,1,0,1,0,0,0,0,6
1443,0,1,1,0,0,0,0,3
2180,1,0,0,1,0,0,0,20
1077,0,1,0,0,0,1,1,27
833,0,0,1,1,0,1,1,23
2064,1,0,0,0,1,0,0,24
2101,1,0,0,0,1,1,0,1
2824,1,0,1,1,1,1,0,4
2836,1,0,1,1,1,1,0,16
1750,0,1,1,1,0,1,0,10
1956,1,0,0,0,0,0,1,6
13,0,0,0,0,0,0,0,13
743,0,0,1,1,0,0,0,23
3070,1,1,0,0,1,1,0,10
1076,0,1,0,0,0,1,1,26
2490,1,0,1,0,0,1,0,30
2282,1,0,0,1,1,0,0,2
129,0,0,0,0,1,0,0,9
1376,0,1,0,1,1,0,1,26
1831,0,1,1,1,1,0,1,1
1722,0,1,1,1,0,0,1,12
3709,1,1,1,1,0,1,1,19
3425,1,1,1,0,0,1,0,5
2567,1,0,1,0,1,0,1,17
1342,0,1,0,1,1,0,0,22
2823,1,0,1,1,1,1,0,3
1783,0,1,1,1,0,1,1,13
3058,1,1,0,0,1,0,1,28
1878,0,1,1,1,1,1,0,18
1743,0,1,1,1,0,1,0,3
3431,1,1,1,0,0,1,0,11
1062,0,1,0,0,0,1,1,12
1764,0,1,1,1,0,1,0,24
1029,0,1,0,0,0,1,0,9
213,0,0,0,0,1,1,1,3
1872,0,1,1,1,1,1,0,12
2063,1,0,0,0,1,0,0,23
3349,1,1,0,1,1,1,1,19
2671,1,0,1,1,0,0,1,1
1192,0,1,0,0,1,1,1,22
1112,0,1,0,0,1,0,1,2
3517,1,1,1,0,1,0,1,7
1787,0,1,1,1,0,1,1,17
2018,1,0,0,0,0,1,1,8
3367,1,1,1,0,0,0,0,7
3528,1,1,1,0,1,0,1,18
3605,1,1,1,1,0,0,0,5
483,0,0,1,0,0,0,0,3
2026,1,0,0,0,0,1,1,16
3460,1,1,1,0,0,1,1,10
3312,1,1,0,1,1,1,0,12
