run_id,cfg,rep,ent_in,cv_in,tmp_in,stb_in,
0,12,23,49152,9830,0,0,7,64512,256,186,-1,0,0,0,0
1,9,11,49152,0,0,32768,7,64512,256,186,-1,1,0,0,0
2,0,20,0,0,0,0,7,63744,256,186,-1,1,0,0,0
3,15,21,49152,9830,32768,32768,7,64512,256,186,-1,1,0,0,0
4,0,13,0,0,0,0,7,64768,256,186,-1,1,0,0,0
5,10,0,49152,0,32768,0,7,64512,256,186,-1,1,0,0,0
6,0,8,0,0,0,0,7,64512,256,186,-1,1,0,0,0
7,8,10,49152,0,0,0,7,64512,256,186,-1,1,0,0,0
8,11,9,49152,0,32768,32768,7,64512,256,186,-1,1,0,0,0
9,8,9,49152,0,0,0,7,64512,256,186,-1,1,0,0,0
10,13,22,49152,9830,0,32768,7,64768,256,186,-1,1,0,0,0
11,1,13,0,0,0,32768,7,64512,256,186,-1,1,0,0,0
12,14,10,49152,9830,32768,0,7,64512,256,186,-1,1,0,0,0
13,14,4,49152,9830,32768,0,7,64512,256,186,-1,1,0,0,0
14,4,3,0,9830,0,0,7,64512,256,186,-1,1,0,0,0
15,5,20,0,9830,0,32768,7,64768,256,186,-1,1,0,0,0
16,7,19,0,9830,32768,32768,7,64512,256,186,-1,1,0,0,0
17,6,16,0,9830,32768,0,7,64256,256,186,-1,1,0,0,0
18,6,27,0,9830,32768,0,7,64512,256,186,-1,1,0,0,0
19,7,4,0,9830,32768,32768,7,64512,256,186,-1,1,0,0,0
20,13,20,49152,9830,0,32768,7,64768,256,186,-1,1,0,0,0
21,11,14,49152,0,32768,32768,7,64512,256,186,-1,1,0,0,0
22,13,28,49152,9830,0,32768,7,64000,256,186,-1,1,0,0,0
23,11,4,49152,0,32768,32768,7,64512,256,186,-1,1,0,0,0
24,13,11,49152,9830,0,32768,7,64512,256,186,-1,1,0,0,0
25,9,26,49152,0,0,32768,7,64768,256,186,-1,1,0,0,0
26,11,26,49152,0,32768,32768,7,64512,256,186,-1,1,0,0,0
27,14,23,49152,9830,32768,0,7,64512,256,186,-1,1,0,0,0
28,9,10,49152,0,0,32768,7,64512,256,186,-1,1,0,0,0
29,7,21,0,9830,32768,32768,7,64512,256,186,-1,1,0,0,0
30,8,23,49152,0,0,0,7,64512,256,186,-1,1,0,0,0
31,1,8,0,0,0,32768,7,64768,256,186,-1,1,0,0,0
32,14,21,49152,9830,32768,0,7,64512,256,186,-1,1,0,0,0
33,14,25,49152,9830,32768,0,7,64512,256,186,-1,1,0,0,0
34,4,7,0,9830,0,0,7,63488,256,186,-1,1,0,0,0
35,1,19,0,0,0,32768,7,64512,256,186,-1,1,0,0,0
36,6,9,0,9830,32768,0,7,64512,256,186,-1,1,0,0,0
37,10,26,49152,0,32768,0,7,64512,256,186,-1,1,0,0,0
38,7,28,0,9830,32768,32768,7,64512,256,186,-1,1,0,0,0
39,11,13,49152,0,32768,32768,7,64512,256,186,-1,1,0,0,0
40,12,10,49152,9830,0,0,7,64512,256,186,-1,1,0,0,0
41,2,22,0,0,32768,0,7,64512,256,186,-1,1,0,0,0
42,6,13,0,9830,32768,0,7,64512,256,186,-1,1,0,0,0
43,6,21,0,9830,32768,0,7,64512,256,186,-1,1,0,0,0
44,6,14,0,9830,32768,0,7,64512,256,186,-1,1,0,0,0
45,12,14,49152,9830,0,0,7,64512,256,186,-1,1,0,0,0
46,10,15,49152,0,32768,0,7,64512,256,186,-1,1,0,0,0
47,1,26,0,0,0,32768,7,64512,256,186,-1,1,0,0,0
48,8,4,49152,0,0,0,7,64512,256,186,-1,1,0,0,0
49,0,5,0,0,0,0,7,64512,256,186,-1,1,0,0,0
50,7,22,0,9830,32768,32768,7,64512,256,186,-1,1,0,0,0
51,10,6,49152,0,32768,0,7,64512,256,186,-1,1,0,0,0
52,0,28,0,0,0,0,7,64512,256,186,-1,1,0,0,0
53,2,13,0,0,32768,0,7,64512,256,186,-1,1,0,0,0
54,12,25,49152,9830,0,0,7,64512,256,186,-1,1,0,0,0
55,8,21,49152,0,0,0,7,64512,256,186,-1,1,0,0,0
56,9,8,49152,0,0,32768,7,64512,256,186,-1,1,0,0,0
57,13,12,49152,9830,0,32768,7,64512,256,186,-1,1,0,0,0
58,5,0,0,9830,0,32768,7,64512,256,186,-1,1,0,0,0
59,8,3,49152,0,0,0,7,64512,256,186,-1,1,0,0,0
60,13,10,49152,9830,0,32768,7,64512,256,186,-1,1,0,0,0
61,15,24,49152,9830,32768,32768,7,64768,256,186,-1,1,0,0,0
62,9,25,49152,0,0,32768,7,64512,256,186,-1,1,0,0,0
63,8,12,49152,0,0,0,7,64512,256,186,-1,1,0,0,0
64,5,26,0,9830,0,32768,7,64512,256,186,-1,1,0,0,0
65,12,18,49152,9830,0,0,7,64512,256,186,-1,1,0,0,0
66,2,0,0,0,32768,0,7,64512,256,186,-1,1,0,0,0
67,6,18,0,9830,32768,0,7,64512,256,186,-1,1,0,0,0
68,4,19,0,9830,0,0,7,64512,256,186,-1,1,0,0,0
69,3,27,0,0,32768,32768,7,64512,256,186,-1,1,0,0,0
70,11,19,49152,0,32768,32768,7,63744,256,186,-1,1,0,0,0
71,4,2,0,9830,0,0,7,64512,256,186,-1,1,0,0,0
72,15,22,49152,9830,32768,32768,7,64512,256,186,-1,1,0,0,0
73,1,11,0,0,0,32768,7,64512,256,186,-1,1,0,0,0
74,11,3,49152,0,32768,32768,7,64512,256,186,-1,1,0,0,0
75,4,12,0,9830,0,0,7,64512,256,186,-1,1,0,0,0
76,1,9,0,0,0,32768,7,64512,256,186,-1,1,0,0,0
77,6,23,0,9830,32768,0,7,64768,256,186,-1,1,0,0,0
78,1,12,0,0,0,32768,7,64512,256,186,-1,1,0,0,0
79,6,19,0,9830,32768,0,7,64512,256,186,-1,1,0,0,0
80,10,10,49152,0,32768,0,7,64256,256,186,-1,1,0,0,0
81,9,19,49152,0,0,32768,7,64512,256,186,-1,1,0,0,0
82,11,17,49152,0,32768,32768,7,64768,256,186,-1,1,0,0,0
83,14,18,49152,9830,32768,0,7,64768,256,186,-1,1,0,0,0
84,8,16,49152,0,0,0,7,64512,256,186,-1,1,0,0,0
85,10,8,49152,0,32768,0,7,64512,256,186,-1,1,0,0,0
86,7,14,0,9830,32768,32768,7,64512,256,186,-1,1,0,0,0
87,4,13,0,9830,0,0,7,64512,256,186,-1,1,0,0,0
88,12,0,49152,9830,0,0,7,64512,256,186,-1,1,0,0,0
89,8,7,49152,0,0,0,7,64768,256,186,-1,1,0,0,0
90,15,6,49152,9830,32768,32768,7,64512,256,186,-1,1,0,0,0
91,1,23,0,0,0,32768,7,64768,256,186,-1,1,0,0,0
92,3,23,0,0,32768,32768,7,64512,256,186,-1,1,0,0,0
93,14,9,49152,9830,32768,0,7,64512,256,186,-1,1,0,0,0
94,4,28,0,9830,0,0,7,64512,256,186,-1,1,0,0,0
95,5,12,0,9830,0,32768,7,64512,256,186,-1,1,0,0,0
96,13,8,49152,9830,0,32768,7,64768,256,186,-1,1,0,0,0
97,10,29,49152,0,32768,0,7,64768,256,186,-1,1,0,0,0
98,15,9,49152,9830,32768,32768,7,64512,256,186,-1,1,0,0,0
99,15,14,49152,9830,32768,32768,7,64512,256,186,-1,1,0,0,0
100,13,27,49152,9830,0,32768,7,64512,256,186,-1,1,0,0,0
101,7,9,0,9830,32768,32768,7,64512,256,186,-1,1,0,0,0
102,0,6,0,0,0,0,7,63744,256,186,-1,1,0,0,0
103,3,20,0,0,32768,32768,7,64512,256,186,-1,1,0,0,0
104,12,6,49152,9830,0,0,7,64512,256,186,-1,1,0,0,0
105,2,11,0,0,32768,0,7,64512,256,186,-1,1,0,0,0
106,7,18,0,9830,32768,32768,7,64768,256,186,-1,1,0,0,0
107,11,11,49152,0,32768,32768,7,64512,256,186,-1,1,0,0,0
108,13,4,49152,9830,0,32768,7,64512,256,186,-1,1,0,0,0
109,4,10,0,9830,0,0,7,64512,256,186,-1,1,0,0,0
110,11,8,49152,0,32768,32768,7,64512,256,186,-1,1,0,0,0
111,15,7,49152,9830,32768,32768,7,64512,256,186,-1,1,0,0,0
112,1,21,0,0,0,32768,7,64512,256,186,-1,1,0,0,0
113,9,1,49152,0,0,32768,7,64512,256,186,-1,1,0,0,0
114,8,24,49152,0,0,0,7,64512,256,186,-1,1,0,0,0
115,14,5,49152,9830,32768,0,7,64512,256,186,-1,1,0,0,0
116,3,24,0,0,32768,32768,7,64512,256,186,-1,1,0,0,0
117,11,28,49152,0,32768,32768,7,64512,256,186,-1,1,0,0,0
118,8,22,49152,0,0,0,7,64512,256,186,-1,1,0,0,0
119,6,2,0,9830,32768,0,7,64512,256,186,-1,1,0,0,0
120,1,25,0,0,0,32768,7,64512,256,186,-1,1,0,0,0
121,10,25,49152,0,32768,0,7,64512,256,186,-1,1,0,0,0
122,10,21,49152,0,32768,0,7,64512,256,186,-1,1,0,0,0
123,9,24,49152,0,0,32768,7,64768,256,186,-1,1,0,0,0
124,5,5,0,9830,0,32768,7,64768,256,186,-1,1,0,0,0
125,3,29,0,0,32768,32768,7,64512,256,186,-1,1,0,0,0
126,4,0,0,9830,0,0,7,64768,256,186,-1,1,0,0,0
127,14,17,49152,9830,32768,0,7,64512,256,186,-1,1,0,0,0
128,14,22,49152,9830,32768,0,7,64512,256,186,-1,1,0,0,0
129,9,18,49152,0,0,32768,7,64512,256,186,-1,1,0,0,0
130,10,16,49152,0,32768,0,7,64512,256,186,-1,1,0,0,0
131,13,17,49152,9830,0,32768,7,64512,256,186,-1,1,0,0,0
132,9,7,49152,0,0,32768,7,64512,256,186,-1,1,0,0,0
133,15,2,49152,9830,32768,32768,7,64512,256,186,-1,1,0,0,0
134,10,5,49152,0,32768,0,7,64512,256,186,-1,1,0,0,0
135,7,24,0,9830,32768,32768,7,64768,256,186,-1,1,0,0,0
136,6,25,0,9830,32768,0,7,64512,256,186,-1,1,0,0,0
137,7,0,0,9830,32768,32768,7,64512,256,186,-1,1,0,0,0
138,6,1,0,9830,32768,0,7,64512,256,186,-1,1,0,0,0
139,11,6,49152,0,32768,32768,7,63744,256,186,-1,1,0,0,0
140,1,6,0,0,0,32768,7,64512,256,186,-1,1,0,0,0
141,12,26,49152,9830,0,0,7,64768,256,186,-1,1,0,0,0
142,14,14,49152,9830,32768,0,7,64512,256,186,-1,1,0,0,0
143,2,5,0,0,32768,0,7,64512,256,186,-1,1,0,0,0
144,12,7,49152,9830,0,0,7,64512,256,186,-1,1,0,0,0
145,11,10,49152,0,32768,32768,7,64512,256,186,-1,1,0,0,0
146,4,26,0,9830,0,0,7,64512,256,186,-1,1,0,0,0
147,12,1,49152,9830,0,0,7,64512,256,186,-1,1,0,0,0
148,12,27,49152,9830,0,0,7,64512,256,186,-1,1,0,0,0
149,4,18,0,9830,0,0,7,64512,256,186,-1,1,0,0,0
150,1,7,0,0,0,32768,7,64512,256,186,-1,1,0,0,0
151,11,12,49152,0,32768,32768,7,64512,256,186,-1,1,0,0,0
152,4,24,0,9830,0,0,7,64512,256,186,-1,1,0,0,0
153,13,0,49152,9830,0,32768,7,64512,256,186,-1,1,0,0,0
154,0,24,0,0,0,0,7,64512,256,186,-1,1,0,0,0
155,7,6,0,9830,32768,32768,7,63488,256,186,-1,1,0,0,0
156,10,22,49152,0,32768,0,7,64512,256,186,-1,1,0,0,0
157,6,0,0,9830,32768,0,7,64512,256,186,-1,1,0,0,0
158,4,1,0,9830,0,0,7,64512,256,186,-1,1,0,0,0
159,14,19,49152,9830,32768,0,7,64512,256,186,-1,1,0,0,0
160,15,26,49152,9830,32768,32768,7,64512,256,186,-1,1,0,0,0
161,12,12,49152,9830,0,0,7,64512,256,186,-1,1,0,0,0
162,7,5,0,9830,32768,32768,7,64512,256,186,-1,1,0,0,0
163,5,6,0,9830,0,32768,7,64512,256,186,-1,1,0,0,0
164,9,15,49152,0,0,32768,7,64512,256,186,-1,1,0,0,0
165,1,16,0,0,0,32768,7,64000,256,186,-1,1,0,0,0
166,9,28,49152,0,0,32768,7,64768,256,186,-1,1,0,0,0
167,10,27,49152,0,32768,0,7,64512,256,186,-1,1,0,0,0
168,10,23,49152,0,32768,0,7,64512,256,186,-1,1,0,0,0
169,2,25,0,0,32768,0,7,64512,256,186,-1,1,0,0,0
170,0,9,0,0,0,0,7,64512,256,186,-1,1,0,0,0
171,9,4,49152,0,0,32768,7,64512,256,186,-1,1,0,0,0
172,5,13,0,9830,0,32768,7,64512,256,186,-1,1,0,0,0
173,6,5,0,9830,32768,0,7,64512,256,186,-1,1,0,0,0
174,2,6,0,0,32768,0,7,64512,256,186,-1,1,0,0,0
175,6,17,0,9830,32768,0,7,64512,256,186,-1,1,0,0,0
176,14,3,49152,9830,32768,0,7,64768,256,186,-1,1,0,0,0
177,3,4,0,0,32768,32768,7,64512,256,186,-1,1,0,0,0
178,12,21,49152,9830,0,0,7,64512,256,186,-1,1,0,0,0
179,1,28,0,0,0,32768,7,64512,256,186,-1,1,0,0,0
180,0,23,0,0,0,0,7,64512,256,186,-1,1,0,0,0
181,15,0,49152,9830,32768,32768,7,64512,256,186,-1,1,0,0,0
182,11,5,49152,0,32768,32768,7,64512,256,186,-1,1,0,0,0
183,14,1,49152,9830,32768,0,7,64512,256,186,-1,1,0,0,0
184,14,0,49152,9830,32768,0,7,64512,256,186,-1,1,0,0,0
185,5,9,0,9830,0,32768,7,64768,256,186,-1,1,0,0,0
186,14,11,49152,9830,32768,0,7,64512,256,186,-1,1,0,0,0
187,3,28,0,0,32768,32768,7,64512,256,186,-1,1,0,0,0
188,7,20,0,9830,32768,32768,7,64512,256,186,-1,1,0,0,0
189,0,11,0,0,0,0,7,64768,256,186,-1,1,0,0,0
190,15,4,49152,9830,32768,32768,7,64512,256,186,-1,1,0,0,0
191,3,26,0,0,32768,32768,7,64512,256,186,-1,1,0,0,0
192,5,15,0,9830,0,32768,7,64512,256,186,-1,1,0,0,0
193,8,15,49152,0,0,0,7,64512,256,186,-1,1,0,0,0
194,5,25,0,9830,0,32768,7,64768,256,186,-1,1,0,0,0
195,8,18,49152,0,0,0,7,64512,256,186,-1,1,0,0,0
196,5,17,0,9830,0,32768,7,64512,256,186,-1,1,0,0,0
197,9,23,49152,0,0,32768,7,63232,256,186,-1,1,0,0,0
198,14,6,49152,9830,32768,0,7,64512,256,186,-1,1,0,0,0
199,12,19,49152,9830,0,0,7,64512,256,186,-1,1,0,0,0
200,9,12,49152,0,0,32768,7,64512,256,186,-1,1,0,0,0
201,10,4,49152,0,32768,0,7,64512,256,186,-1,1,0,0,0
202,12,17,49152,9830,0,0,7,64512,256,186,-1,1,0,0,0
203,4,9,0,9830,0,0,7,64512,256,186,-1,1,0,0,0
204,3,19,0,0,32768,32768,7,64512,256,186,-1,1,0,0,0
205,5,29,0,9830,0,32768,7,64768,256,186,-1,1,0,0,0
206,12,20,49152,9830,0,0,7,64512,256,186,-1,1,0,0,0
207,3,13,0,0,32768,32768,7,63232,256,186,-1,1,0,0,0
208,3,10,0,0,32768,32768,7,64768,256,186,-1,1,0,0,0
209,12,4,49152,9830,0,0,7,64512,256,186,-1,1,0,0,0
210,2,23,0,0,32768,0,7,64512,256,186,-1,1,0,0,0
211,5,18,0,9830,0,32768,7,64768,256,186,-1,1,0,0,0
212,15,29,49152,9830,32768,32768,7,64512,256,186,-1,1,0,0,0
213,11,23,49152,0,32768,32768,7,63488,256,186,-1,1,0,0,0
214,4,15,0,9830,0,0,7,64512,256,186,-1,1,0,0,0
215,13,9,49152,9830,0,32768,7,64512,256,186,-1,1,0,0,0
216,9,0,49152,0,0,32768,7,64768,256,186,-1,1,0,0,0
217,4,20,0,9830,0,0,7,64512,256,186,-1,1,0,0,0
218,2,4,0,0,32768,0,7,64768,256,186,-1,1,0,0,0
219,15,1,49152,9830,32768,32768,7,64512,256,186,-1,1,0,0,0
220,5,2,0,9830,0,32768,7,64512,256,186,-1,1,0,0,0
221,2,12,0,0,32768,0,7,64512,256,186,-1,1,0,0,0
222,0,12,0,0,0,0,7,64512,256,186,-1,1,0,0,0
223,2,3,0,0,32768,0,7,64512,256,186,-1,1,0,0,0
224,6,28,0,9830,32768,0,7,64512,256,186,-1,1,0,0,0
225,13,5,49152,9830,0,32768,7,64512,256,186,-1,1,0,0,0
226,8,1,49152,0,0,0,7,64512,256,186,-1,1,0,0,0
227,6,11,0,9830,32768,0,7,64768,256,186,-1,1,0,0,0
228,9,27,49152,0,0,32768,7,64512,256,186,-1,1,0,0,0
229,3,25,0,0,32768,32768,7,64512,256,186,-1,1,0,0,0
230,13,2,49152,9830,0,32768,7,64512,256,186,-1,1,0,0,0
231,11,18,49152,0,32768,32768,7,64512,256,186,-1,1,0,0,0
232,1,2,0,0,0,32768,7,64512,256,186,-1,1,0,0,0
233,11,25,49152,0,32768,32768,7,64512,256,186,-1,1,0,0,0
234,13,24,49152,9830,0,32768,7,64512,256,186,-1,1,0,0,0
235,2,21,0,0,32768,0,7,64512,256,186,-1,1,0,0,0
236,2,7,0,0,32768,0,7,64512,256,186,-1,1,0,0,0
237,9,2,49152,0,0,32768,7,64512,256,186,-1,1,0,0,0
238,15,3,49152,9830,32768,32768,7,64512,256,186,-1,1,0,0,0
239,14,13,49152,9830,32768,0,7,63488,256,186,-1,1,0,0,0
240,1,4,0,0,0,32768,7,64512,256,186,-1,1,0,0,0
241,2,24,0,0,32768,0,7,64512,256,186,-1,1,0,0,0
242,0,21,0,0,0,0,7,64512,256,186,-1,1,0,0,0
243,2,17,0,0,32768,0,7,64512,256,186,-1,1,0,0,0
244,15,13,49152,9830,32768,32768,7,64512,256,186,-1,1,0,0,0
245,15,8,49152,9830,32768,32768,7,64512,256,186,-1,1,0,0,0
246,1,17,0,0,0,32768,7,64512,256,186,-1,1,0,0,0
247,15,15,49152,9830,32768,32768,7,64512,256,186,-1,1,0,0,0
248,11,1,49152,0,32768,32768,7,64512,256,186,-1,1,0,0,0
249,0,10,0,0,0,0,7,64512,256,186,-1,1,0,0,0
250,9,9,49152,0,0,32768,7,63744,256,186,-1,1,0,0,0
251,5,22,0,9830,0,32768,7,64512,256,186,-1,1,0,0,0
252,3,18,0,0,32768,32768,7,64512,256,186,-1,1,0,0,0
253,8,29,49152,0,0,0,7,64512,256,186,-1,1,0,0,0
254,6,20,0,9830,32768,0,7,64512,256,186,-1,1,0,0,0
255,10,2,49152,0,32768,0,7,63744,256,186,-1,1,0,0,0
256,13,15,49152,9830,0,32768,7,64512,256,186,-1,1,0,0,0
257,3,9,0,0,32768,32768,7,64512,256,186,-1,1,0,0,0
258,15,19,49152,9830,32768,32768,7,64512,256,186,-1,1,0,0,0
259,0,4,0,0,0,0,7,64512,256,186,-1,1,0,0,0
260,8,14,49152,0,0,0,7,64512,256,186,-1,1,0,0,0
261,10,12,49152,0,32768,0,7,64512,256,186,-1,1,0,0,0
262,1,5,0,0,0,32768,7,64512,256,186,-1,1,0,0,0
263,1,15,0,0,0,32768,7,64512,256,186,-1,1,0,0,0
264,10,19,49152,0,32768,0,7,64512,256,186,-1,1,0,0,0
265,0,19,0,0,0,0,7,64512,256,186,-1,1,0,0,0
266,8,28,49152,0,0,0,7,64512,256,186,-1,1,0,0,0
267,7,1,0,9830,32768,32768,7,64512,256,186,-1,1,0,0,0
268,4,29,0,9830,0,0,7,64512,256,186,-1,1,0,0,0
269,0,0,0,0,0,0,7,64512,256,186,-1,1,0,0,0
270,12,24,49152,9830,0,0,7,64512,256,186,-1,1,0,0,0
271,8,19,49152,0,0,0,7,64512,256,186,-1,1,0,0,0
272,15,25,49152,9830,32768,32768,7,64768,256,186,-1,1,0,0,0
273,7,23,0,9830,32768,32768,7,64512,256,186,-1,1,0,0,0
274,4,4,0,9830,0,0,7,64512,256,186,-1,1,0,0,0
275,13,3,49152,9830,0,32768,7,64512,256,186,-1,1,0,0,0
276,3,6,0,0,32768,32768,7,64512,256,186,-1,1,0,0,0
277,10,14,49152,0,32768,0,7,64512,256,186,-1,1,0,0,0
278,13,16,49152,9830,0,32768,7,64512,256,186,-1,1,0,0,0
279,12,15,49152,9830,0,0,7,64512,256,186,-1,1,0,0,0
280,1,14,0,0,0,32768,7,64512,256,186,-1,1,0,0,0
281,6,22,0,9830,32768,0,7,63744,256,186,-1,1,0,0,0
282,0,22,0,0,0,0,7,64512,256,186,-1,1,0,0,0
283,8,27,49152,0,0,0,7,64768,256,186,-1,1,0,0,0
284,15,27,49152,9830,32768,32768,7,64512,256,186,-1,1,0,0,0
285,5,27,0,9830,0,32768,7,64512,256,186,-1,1,0,0,0
286,15,28,49152,9830,32768,32768,7,64768,256,186,-1,1,0,0,0
287,6,15,0,9830,32768,0,7,64512,256,186,-1,1,0,0,0
288,11,21,49152,0,32768,32768,7,64512,256,186,-1,1,0,0,0
289,10,11,49152,0,32768,0,7,64512,256,186,-1,1,0,0,0
290,14,24,49152,9830,32768,0,7,64512,256,186,-1,1,0,0,0
291,3,8,0,0,32768,32768,7,64512,256,186,-1,1,0,0,0
292,2,20,0,0,32768,0,7,64512,256,186,-1,1,0,0,0
293,1,10,0,0,0,32768,7,64768,256,186,-1,1,0,0,0
294,8,26,49152,0,0,0,7,64512,256,186,-1,1,0,0,0
295,14,27,49152,9830,32768,0,7,64512,256,186,-1,1,0,0,0
296,9,16,49152,0,0,32768,7,64512,256,186,-1,1,0,0,0
297,1,22,0,0,0,32768,7,64512,256,186,-1,1,0,0,0
298,0,26,0,0,0,0,7,64768,256,186,-1,1,0,0,0
299,15,20,49152,9830,32768,32768,7,64768,256,186,-1,1,0,0,0
300,8,13,49152,0,0,0,7,64512,256,186,-1,1,0,0,0
301,8,2,49152,0,0,0,7,64512,256,186,-1,1,0,0,0
302,13,13,49152,9830,0,32768,7,64768,256,186,-1,1,0,0,0
303,8,11,49152,0,0,0,7,64512,256,186,-1,1,0,0,0
304,8,8,49152,0,0,0,7,64512,256,186,-1,1,0,0,0
305,8,5,49152,0,0,0,7,64512,256,186,-1,1,0,0,0
306,5,23,0,9830,0,32768,7,64512,256,186,-1,1,0,0,0
307,14,16,49152,9830,32768,0,7,64768,256,186,-1,1,0,0,0
308,3,3,0,0,32768,32768,7,64512,256,186,-1,1,0,0,0
309,3,15,0,0,32768,32768,7,64512,256,186,-1,1,0,0,0
310,0,2,0,0,0,0,7,64768,256,186,-1,1,0,0,0
311,2,15,0,0,32768,0,7,64512,256,186,-1,1,0,0,0
312,15,17,49152,9830,32768,32768,7,64512,256,186,-1,1,0,0,0
313,5,14,0,9830,0,32768,7,64512,256,186,-1,1,0,0,0
314,1,1,0,0,0,32768,7,64512,256,186,-1,1,0,0,0
315,2,29,0,0,32768,0,7,64512,256,186,-1,1,0,0,0
316,14,29,49152,9830,32768,0,7,64512,256,186,-1,1,0,0,0
317,15,23,49152,9830,32768,32768,7,64512,256,186,-1,1,0,0,0
318,7,7,0,9830,32768,32768,7,64512,256,186,-1,1,0,0,0
319,7,16,0,9830,32768,32768,7,64512,256,186,-1,1,0,0,0
320,7,8,0,9830,32768,32768,7,64512,256,186,-1,1,0,0,0
321,4,23,0,9830,0,0,7,64512,256,186,-1,1,0,0,0
322,4,21,0,9830,0,0,7,64512,256,186,-1,1,0,0,0
323,5,4,0,9830,0,32768,7,64512,256,186,-1,1,0,0,0
324,10,7,49152,0,32768,0,7,64768,256,186,-1,1,0,0,0
325,0,27,0,0,0,0,7,64512,256,186,-1,1,0,0,0
326,0,29,0,0,0,0,7,64512,256,186,-1,1,0,0,0
327,1,24,0,0,0,32768,7,64512,256,186,-1,1,0,0,0
328,12,5,49152,9830,0,0,7,64512,256,186,-1,1,0,0,0
329,9,29,49152,0,0,32768,7,64512,256,186,-1,1,0,0,0
330,14,28,49152,9830,32768,0,7,64512,256,186,-1,1,0,0,0
331,11,7,49152,0,32768,32768,7,64512,256,186,-1,1,0,0,0
332,5,28,0,9830,0,32768,7,64512,256,186,-1,1,0,0,0
333,0,1,0,0,0,0,7,64512,256,186,-1,1,0,0,0
334,7,15,0,9830,32768,32768,7,64768,256,186,-1,1,0,0,0
335,4,8,0,9830,0,0,7,64768,256,186,-1,1,0,0,0
336,1,3,0,0,0,32768,7,64512,256,186,-1,1,0,0,0
337,8,20,49152,0,0,0,7,64512,256,186,-1,1,0,0,0
338,3,21,0,0,32768,32768,7,64512,256,186,-1,1,0,0,0
339,14,2,49152,9830,32768,0,7,64512,256,186,-1,1,0,0,0
340,9,22,49152,0,0,32768,7,64512,256,186,-1,1,0,0,0
341,0,16,0,0,0,0,7,64512,256,186,-1,1,0,0,0
342,7,17,0,9830,32768,32768,7,64512,256,186,-1,1,0,0,0
343,2,19,0,0,32768,0,7,64512,256,186,-1,1,0,0,0
344,5,1,0,9830,0,32768,7,64512,256,186,-1,1,0,0,0
345,2,28,0,0,32768,0,7,64768,256,186,-1,1,0,0,0
346,5,10,0,9830,0,32768,7,64512,256,186,-1,1,0,0,0
347,14,26,49152,9830,32768,0,7,64512,256,186,-1,1,0,0,0
348,10,13,49152,0,32768,0,7,64512,256,186,-1,1,0,0,0
349,5,16,0,9830,0,32768,7,64512,256,186,-1,1,0,0,0
350,10,3,49152,0,32768,0,7,64512,256,186,-1,1,0,0,0
351,13,18,49152,9830,0,32768,7,64512,256,186,-1,1,0,0,0
352,10,1,49152,0,32768,0,7,64512,256,186,-1,1,0,0,0
353,13,23,49152,9830,0,32768,7,64512,256,186,-1,1,0,0,0
354,13,19,49152,9830,0,32768,7,64512,256,186,-1,1,0,0,0
355,3,5,0,0,32768,32768,7,64512,256,186,-1,1,0,0,0
356,3,14,0,0,32768,32768,7,64512,256,186,-1,1,0,0,0
357,1,20,0,0,0,32768,7,64512,256,186,-1,1,0,0,0
358,14,8,49152,9830,32768,0,7,64768,256,186,-1,1,0,0,0
359,6,6,0,9830,32768,0,7,64512,256,186,-1,1,0,0,0
360,12,28,49152,9830,0,0,7,64512,256,186,-1,1,0,0,0
361,11,0,49152,0,32768,32768,7,64768,256,186,-1,1,0,0,0
362,13,14,49152,9830,0,32768,7,64512,256,186,-1,1,0,0,0
363,15,11,49152,9830,32768,32768,7,64512,256,186,-1,1,0,0,0
364,15,10,49152,9830,32768,32768,7,64512,256,186,-1,1,0,0,0
365,12,11,49152,9830,0,0,7,64512,256,186,-1,1,0,0,0
366,15,12,49152,9830,32768,32768,7,63488,256,186,-1,1,0,0,0
367,2,26,0,0,32768,0,7,64512,256,186,-1,1,0,0,0
368,10,17,49152,0,32768,0,7,64512,256,186,-1,1,0,0,0
369,6,29,0,9830,32768,0,7,64512,256,186,-1,1,0,0,0
370,5,7,0,9830,0,32768,7,64512,256,186,-1,1,0,0,0
371,10,20,49152,0,32768,0,7,64000,256,186,-1,1,0,0,0
372,11,29,49152,0,32768,32768,7,64512,256,186,-1,1,0,0,0
373,6,8,0,9830,32768,0,7,64512,256,186,-1,1,0,0,0
374,1,0,0,0,0,32768,7,64512,256,186,-1,1,0,0,0
375,3,0,0,0,32768,32768,7,64512,256,186,-1,1,0,0,0
376,3,11,0,0,32768,32768,7,64000,256,186,-1,1,0,0,0
377,0,14,0,0,0,0,7,63488,256,186,-1,1,0,0,0
378,4,16,0,9830,0,0,7,64768,256,186,-1,1,0,0,0
379,5,8,0,9830,0,32768,7,64512,256,186,-1,1,0,0,0
380,9,13,49152,0,0,32768,7,64512,256,186,-1,1,0,0,0
381,4,25,0,9830,0,0,7,64512,256,186,-1,1,0,0,0
382,3,7,0,0,32768,32768,7,64512,256,186,-1,1,0,0,0
383,12,22,49152,9830,0,0,7,64512,256,186,-1,1,0,0,0
384,4,22,0,9830,0,0,7,64512,256,186,-1,1,0,0,0
385,2,1,0,0,32768,0,7,64512,256,186,-1,1,0,0,0
386,8,0,49152,0,0,0,7,64512,256,186,-1,1,0,0,0
387,5,3,0,9830,0,32768,7,64512,256,186,-1,1,0,0,0
388,3,22,0,0,32768,32768,7,64512,256,186,-1,1,0,0,0
389,6,12,0,9830,32768,0,7,64512,256,186,-1,1,0,0,0
390,13,29,49152,9830,0,32768,7,64512,256,186,-1,1,0,0,0
391,5,24,0,9830,0,32768,7,64512,256,186,-1,1,0,0,0
392,10,9,49152,0,32768,0,7,63488,256,186,-1,1,0,0,0
393,5,19,0,9830,0,32768,7,64512,256,186,-1,1,0,0,0
394,7,10,0,9830,32768,32768,7,64768,256,186,-1,1,0,0,0
395,0,7,0,0,0,0,7,64512,256,186,-1,1,0,0,0
396,14,20,49152,9830,32768,0,7,64512,256,186,-1,1,0,0,0
397,15,18,49152,9830,32768,32768,7,63488,256,186,-1,1,0,0,0
398,6,26,0,9830,32768,0,7,64512,256,186,-1,1,0,0,0
399,11,15,49152,0,32768,32768,7,64512,256,186,-1,1,0,0,0
400,15,5,49152,9830,32768,32768,7,64512,256,186,-1,1,0,0,0
401,6,24,0,9830,32768,0,7,64512,256,186,-1,1,0,0,0
402,3,17,0,0,32768,32768,7,64512,256,186,-1,1,0,0,0
403,13,26,49152,9830,0,32768,7,64512,256,186,-1,1,0,0,0
404,10,18,49152,0,32768,0,7,64512,256,186,-1,1,0,0,0
405,7,2,0,9830,32768,32768,7,64512,256,186,-1,1,0,0,0
406,6,10,0,9830,32768,0,7,64512,256,186,-1,1,0,0,0
407,2,14,0,0,32768,0,7,64512,256,186,-1,1,0,0,0
408,9,14,49152,0,0,32768,7,64512,256,186,-1,1,0,0,0
409,2,2,0,0,32768,0,7,64512,256,186,-1,1,0,0,0
410,1,27,0,0,0,32768,7,64512,256,186,-1,1,0,0,0
411,4,6,0,9830,0,0,7,64512,256,186,-1,1,0,0,0
412,0,18,0,0,0,0,7,64512,256,186,-1,1,0,0,0
413,4,11,0,9830,0,0,7,63744,256,186,-1,1,0,0,0
414,7,3,0,9830,32768,32768,7,64512,256,186,-1,1,0,0,0
415,14,12,49152,9830,32768,0,7,64512,256,186,-1,1,0,0,0
416,2,27,0,0,32768,0,7,64512,256,186,-1,1,0,0,0
417,7,12,0,9830,32768,32768,7,64512,256,186,-1,1,0,0,0
418,12,2,49152,9830,0,0,7,63744,256,186,-1,1,0,0,0
419,2,18,0,0,32768,0,7,64512,256,186,-1,1,0,0,0
420,9,3,49152,0,0,32768,7,64512,256,186,-1,1,0,0,0
421,6,3,0,9830,32768,0,7,64512,256,186,-1,1,0,0,0
422,7,29,0,9830,32768,32768,7,64512,256,186,-1,1,0,0,0
423,3,2,0,0,32768,32768,7,64512,256,186,-1,1,0,0,0
424,15,16,49152,9830,32768,32768,7,64512,256,186,-1,1,0,0,0
425,0,25,0,0,0,0,7,64512,256,186,-1,1,0,0,0
426,10,28,49152,0,32768,0,7,64512,256,186,-1,1,0,0,0
427,9,21,49152,0,0,32768,7,64512,256,186,-1,1,0,0,0
428,12,29,49152,9830,0,0,7,64512,256,186,-1,1,0,0,0
429,0,3,0,0,0,0,7,64512,256,186,-1,1,0,0,0
430,11,16,49152,0,32768,32768,7,64768,256,186,-1,1,0,0,0
431,13,25,49152,9830,0,32768,7,64512,256,186,-1,1,0,0,0
432,8,17,49152,0,0,0,7,64512,256,186,-1,1,0,0,0
433,1,18,0,0,0,32768,7,64512,256,186,-1,1,0,0,0
434,9,5,49152,0,0,32768,7,64512,256,186,-1,1,0,0,0
435,6,7,0,9830,32768,0,7,64512,256,186,-1,1,0,0,0
436,0,15,0,0,0,0,7,64512,256,186,-1,1,0,0,0
437,13,21,49152,9830,0,32768,7,64512,256,186,-1,1,0,0,0
438,7,11,0,9830,32768,32768,7,64512,256,186,-1,1,0,0,0
439,7,13,0,9830,32768,32768,7,63488,256,186,-1,1,0,0,0
440,12,16,49152,9830,0,0,7,64512,256,186,-1,1,0,0,0
441,3,12,0,0,32768,32768,7,64512,256,186,-1,1,0,0,0
442,8,6,49152,0,0,0,7,64512,256,186,-1,1,0,0,0
443,12,3,49152,9830,0,0,7,64512,256,186,-1,1,0,0,0
444,2,9,0,0,32768,0,7,64512,256,186,-1,1,0,0,0
445,13,1,49152,9830,0,32768,7,64768,256,186,-1,1,0,0,0
446,7,26,0,9830,32768,32768,7,64512,256,186,-1,1,0,0,0
447,3,16,0,0,32768,32768,7,64512,256,186,-1,1,0,0,0
448,13,7,49152,9830,0,32768,7,64512,256,186,-1,1,0,0,0
449,9,20,49152,0,0,32768,7,64512,256,186,-1,1,0,0,0
450,13,6,49152,9830,0,32768,7,64512,256,186,-1,1,0,0,0
451,5,11,0,9830,0,32768,7,64768,256,186,-1,1,0,0,0
452,11,22,49152,0,32768,32768,7,64512,256,186,-1,1,0,0,0
453,0,17,0,0,0,0,7,64512,256,186,-1,1,0,0,0
454,11,20,49152,0,32768,32768,7,64512,256,186,-1,1,0,0,0
455,2,10,0,0,32768,0,7,64768,256,186,-1,1,0,0,0
456,10,24,49152,0,32768,0,7,64512,256,186,-1,1,0,0,0
457,6,4,0,9830,32768,0,7,64512,256,186,-1,1,0,0,0
458,8,25,49152,0,0,0,7,64768,256,186,-1,1,0,0,0
459,4,5,0,9830,0,0,7,64512,256,186,-1,1,0,0,0
460,12,13,49152,9830,0,0,7,64768,256,186,-1,1,0,0,0
461,3,1,0,0,32768,32768,7,63488,256,186,-1,1,0,0,0
462,2,8,0,0,32768,0,7,64512,256,186,-1,1,0,0,0
463,14,15,49152,9830,32768,0,7,64512,256,186,-1,1,0,0,0
464,7,25,0,9830,32768,32768,7,64512,256,186,-1,1,0,0,0
465,9,6,49152,0,0,32768,7,64512,256,186,-1,1,0,0,0
466,4,17,0,9830,0,0,7,63488,256,186,-1,1,0,0,0
467,11,24,49152,0,32768,32768,7,64512,256,186,-1,1,0,0,0
468,11,27,49152,0,32768,32768,7,64512,256,186,-1,1,0,0,0
469,12,9,49152,9830,0,0,7,64512,256,186,-1,1,0,0,0
470,1,29,0,0,0,32768,7,64512,256,186,-1,1,0,0,0
471,9,17,49152,0,0,32768,7,64512,256,186,-1,1,0,0,0
472,4,27,0,9830,0,0,7,64512,256,186,-1,1,0,0,0
473,2,16,0,0,32768,0,7,64512,256,186,-1,1,0,0,0
474,7,27,0,9830,32768,32768,7,64512,256,186,-1,1,0,0,0
475,12,8,49152,9830,0,0,7,64512,256,186,-1,1,0,0,0
476,5,21,0,9830,0,32768,7,64512,256,186,-1,1,0,0,0
477,14,7,49152,9830,32768,0,7,64512,256,186,-1,1,0,0,0
478,4,14,0,9830,0,0,7,64768,256,186,-1,1,0,0,0
479,11,2,49152,0,32768,32768,7,64768,256,186,-1,1,0,0,0
DOE: complete
